"AL,""Alabama"""
"AK,""Alaska"""
"AZ,""Arizona"""
"AR,""Arkansas"""
"CA,""California"""
"CO,""Colorado"""
"CT,""Connecticut"""
"DE,""Delaware"""
"DC,""District Of Columbia"""
"FL,""Florida"""
"GA,""Georgia"""
"HI,""Hawaii"""
"ID,""Idaho"""
"IL,""Illinois"""
"IN,""Indiana"""
"IA,""Iowa"""
"KS,""Kansas"""
"KY,""Kentucky"""
"LA,""Louisiana"""
"ME,""Maine"""
"MD,""Maryland"""
"MA,""Massachusetts"""
"MI,""Michigan"""
"MN,""Minnesota"""
"MS,""Mississippi"""
"MO,""Missouri"""
"MT,""Montana"""
"NE,""Nebraska"""
"NV,""Nevada"""
"NH,""New Hampshire"""
"NJ,""New Jersey"""
"NM,""New Mexico"""
"NY,""New York"""
"NC,""North Carolina"""
"ND,""North Dakota"""
"OH,""Ohio"""
"OK,""Oklahoma"""
"OR,""Oregon"""
"PA,""Pennsylvania"""
"RI,""Rhode Island"""
"SC,""South Carolina"""
"SD,""South Dakota"""
"TN,""Tennessee"""
"TX,""Texas"""
"UT,""Utah"""
"VT,""Vermont"""
"VA,""Virginia"""
"WA,""Washington"""
"WV,""West Virginia"""
"WI,""Wisconsin"""
"WY,""Wyoming"""
"{""states"": [{""id"": ""1"", ""name"": ""Andaman and Nicobar Islands"", ""country_id"": ""101""}, {""id"": ""2"", ""name"": ""Andhra Pradesh"", ""country_id"": ""101""}, {""id"": ""3"", ""name"": ""Arunachal Pradesh"", ""country_id"": ""101""}, {""id"": ""4"", ""name"": ""Assam"", ""country_id"": ""101""}, {""id"": ""5"", ""name"": ""Bihar"", ""country_id"": ""101""}, {""id"": ""6"", ""name"": ""Chandigarh"", ""country_id"": ""101""}, {""id"": ""7"", ""name"": ""Chhattisgarh"", ""country_id"": ""101""}, {""id"": ""8"", ""name"": ""Dadra and Nagar Haveli"", ""country_id"": ""101""}, {""id"": ""9"", ""name"": ""Daman and Diu"", ""country_id"": ""101""}, {""id"": ""10"", ""name"": ""Delhi"", ""country_id"": ""101""}, {""id"": ""11"", ""name"": ""Goa"", ""country_id"": ""101""}, {""id"": ""12"", ""name"": ""Gujarat"", ""country_id"": ""101""}, {""id"": ""13"", ""name"": ""Haryana"", ""country_id"": ""101""}, {""id"": ""14"", ""name"": ""Himachal Pradesh"", ""country_id"": ""101""}, {""id"": ""15"", ""name"": ""Jammu and Kashmir"", ""country_id"": ""101""}, {""id"": ""16"", ""name"": ""Jharkhand"", ""country_id"": ""101""}, {""id"": ""17"", ""name"": ""Karnataka"", ""country_id"": ""101""}, {""id"": ""18"", ""name"": ""Kenmore"", ""country_id"": ""101""}, {""id"": ""19"", ""name"": ""Kerala"", ""country_id"": ""101""}, {""id"": ""20"", ""name"": ""Lakshadweep"", ""country_id"": ""101""}, {""id"": ""21"", ""name"": ""Madhya Pradesh"", ""country_id"": ""101""}, {""id"": ""22"", ""name"": ""Maharashtra"", ""country_id"": ""101""}, {""id"": ""23"", ""name"": ""Manipur"", ""country_id"": ""101""}, {""id"": ""24"", ""name"": ""Meghalaya"", ""country_id"": ""101""}, {""id"": ""25"", ""name"": ""Mizoram"", ""country_id"": ""101""}, {""id"": ""26"", ""name"": ""Nagaland"", ""country_id"": ""101""}, {""id"": ""27"", ""name"": ""Narora"", ""country_id"": ""101""}, {""id"": ""28"", ""name"": ""Natwar"", ""country_id"": ""101""}, {""id"": ""29"", ""name"": ""Odisha"", ""country_id"": ""101""}, {""id"": ""30"", ""name"": ""Paschim Medinipur"", ""country_id"": ""101""}, {""id"": ""31"", ""name"": ""Pondicherry"", ""country_id"": ""101""}, {""id"": ""32"", ""name"": ""Punjab"", ""country_id"": ""101""}, {""id"": ""33"", ""name"": ""Rajasthan"", ""country_id"": ""101""}, {""id"": ""34"", ""name"": ""Sikkim"", ""country_id"": ""101""}, {""id"": ""35"", ""name"": ""Tamil Nadu"", ""country_id"": ""101""}, {""id"": ""36"", ""name"": ""Telangana"", ""country_id"": ""101""}, {""id"": ""37"", ""name"": ""Tripura"", ""country_id"": ""101""}, {""id"": ""38"", ""name"": ""Uttar Pradesh"", ""country_id"": ""101""}, {""id"": ""39"", ""name"": ""Uttarakhand"", ""country_id"": ""101""}, {""id"": ""40"", ""name"": ""Vaishali"", ""country_id"": ""101""}, {""id"": ""41"", ""name"": ""West Bengal"", ""country_id"": ""101""}, {""id"": ""42"", ""name"": ""Badakhshan"", ""country_id"": ""1""}, {""id"": ""43"", ""name"": ""Badgis"", ""country_id"": ""1""}, {""id"": ""44"", ""name"": ""Baglan"", ""country_id"": ""1""}, {""id"": ""45"", ""name"": ""Balkh"", ""country_id"": ""1""}, {""id"": ""46"", ""name"": ""Bamiyan"", ""country_id"": ""1""}, {""id"": ""47"", ""name"": ""Farah"", ""country_id"": ""1""}, {""id"": ""48"", ""name"": ""Faryab"", ""country_id"": ""1""}, {""id"": ""49"", ""name"": ""Gawr"", ""country_id"": ""1""}, {""id"": ""50"", ""name"": ""Gazni"", ""country_id"": ""1""}, {""id"": ""51"", ""name"": ""Herat"", ""country_id"": ""1""}, {""id"": ""52"", ""name"": ""Hilmand"", ""country_id"": ""1""}, {""id"": ""53"", ""name"": ""Jawzjan"", ""country_id"": ""1""}, {""id"": ""54"", ""name"": ""Kabul"", ""country_id"": ""1""}, {""id"": ""55"", ""name"": ""Kapisa"", ""country_id"": ""1""}, {""id"": ""56"", ""name"": ""Khawst"", ""country_id"": ""1""}, {""id"": ""57"", ""name"": ""Kunar"", ""country_id"": ""1""}, {""id"": ""58"", ""name"": ""Lagman"", ""country_id"": ""1""}, {""id"": ""59"", ""name"": ""Lawghar"", ""country_id"": ""1""}, {""id"": ""60"", ""name"": ""Nangarhar"", ""country_id"": ""1""}, {""id"": ""61"", ""name"": ""Nimruz"", ""country_id"": ""1""}, {""id"": ""62"", ""name"": ""Nuristan"", ""country_id"": ""1""}, {""id"": ""63"", ""name"": ""Paktika"", ""country_id"": ""1""}, {""id"": ""64"", ""name"": ""Paktiya"", ""country_id"": ""1""}, {""id"": ""65"", ""name"": ""Parwan"", ""country_id"": ""1""}, {""id"": ""66"", ""name"": ""Qandahar"", ""country_id"": ""1""}, {""id"": ""67"", ""name"": ""Qunduz"", ""country_id"": ""1""}, {""id"": ""68"", ""name"": ""Samangan"", ""country_id"": ""1""}, {""id"": ""69"", ""name"": ""Sar-e Pul"", ""country_id"": ""1""}, {""id"": ""70"", ""name"": ""Takhar"", ""country_id"": ""1""}, {""id"": ""71"", ""name"": ""Uruzgan"", ""country_id"": ""1""}, {""id"": ""72"", ""name"": ""Wardag"", ""country_id"": ""1""}, {""id"": ""73"", ""name"": ""Zabul"", ""country_id"": ""1""}, {""id"": ""74"", ""name"": ""Berat"", ""country_id"": ""2""}, {""id"": ""75"", ""name"": ""Bulqize"", ""country_id"": ""2""}, {""id"": ""76"", ""name"": ""Delvine"", ""country_id"": ""2""}, {""id"": ""77"", ""name"": ""Devoll"", ""country_id"": ""2""}, {""id"": ""78"", ""name"": ""Dibre"", ""country_id"": ""2""}, {""id"": ""79"", ""name"": ""Durres"", ""country_id"": ""2""}, {""id"": ""80"", ""name"": ""Elbasan"", ""country_id"": ""2""}, {""id"": ""81"", ""name"": ""Fier"", ""country_id"": ""2""}, {""id"": ""82"", ""name"": ""Gjirokaster"", ""country_id"": ""2""}, {""id"": ""83"", ""name"": ""Gramsh"", ""country_id"": ""2""}, {""id"": ""84"", ""name"": ""Has"", ""country_id"": ""2""}, {""id"": ""85"", ""name"": ""Kavaje"", ""country_id"": ""2""}, {""id"": ""86"", ""name"": ""Kolonje"", ""country_id"": ""2""}, {""id"": ""87"", ""name"": ""Korce"", ""country_id"": ""2""}, {""id"": ""88"", ""name"": ""Kruje"", ""country_id"": ""2""}, {""id"": ""89"", ""name"": ""Kucove"", ""country_id"": ""2""}, {""id"": ""90"", ""name"": ""Kukes"", ""country_id"": ""2""}, {""id"": ""91"", ""name"": ""Kurbin"", ""country_id"": ""2""}, {""id"": ""92"", ""name"": ""Lezhe"", ""country_id"": ""2""}, {""id"": ""93"", ""name"": ""Librazhd"", ""country_id"": ""2""}, {""id"": ""94"", ""name"": ""Lushnje"", ""country_id"": ""2""}, {""id"": ""95"", ""name"": ""Mallakaster"", ""country_id"": ""2""}, {""id"": ""96"", ""name"": ""Malsi e Madhe"", ""country_id"": ""2""}, {""id"": ""97"", ""name"": ""Mat"", ""country_id"": ""2""}, {""id"": ""98"", ""name"": ""Mirdite"", ""country_id"": ""2""}, {""id"": ""99"", ""name"": ""Peqin"", ""country_id"": ""2""}, {""id"": ""100"", ""name"": ""Permet"", ""country_id"": ""2""}, {""id"": ""101"", ""name"": ""Pogradec"", ""country_id"": ""2""}, {""id"": ""102"", ""name"": ""Puke"", ""country_id"": ""2""}, {""id"": ""103"", ""name"": ""Sarande"", ""country_id"": ""2""}, {""id"": ""104"", ""name"": ""Shkoder"", ""country_id"": ""2""}, {""id"": ""105"", ""name"": ""Skrapar"", ""country_id"": ""2""}, {""id"": ""106"", ""name"": ""Tepelene"", ""country_id"": ""2""}, {""id"": ""107"", ""name"": ""Tirane"", ""country_id"": ""2""}, {""id"": ""108"", ""name"": ""Tropoje"", ""country_id"": ""2""}, {""id"": ""109"", ""name"": ""Vlore"", ""country_id"": ""2""}, {""id"": ""110"", ""name"": ""Ayn Daflah"", ""country_id"": ""3""}, {""id"": ""111"", ""name"": ""Ayn Tamushanat"", ""country_id"": ""3""}, {""id"": ""112"", ""name"": ""Adrar"", ""country_id"": ""3""}, {""id"": ""113"", ""name"": ""Algiers"", ""country_id"": ""3""}, {""id"": ""114"", ""name"": ""Annabah"", ""country_id"": ""3""}, {""id"": ""115"", ""name"": ""Bashshar"", ""country_id"": ""3""}, {""id"": ""116"", ""name"": ""Batnah"", ""country_id"": ""3""}, {""id"": ""117"", ""name"": ""Bijayah"", ""country_id"": ""3""}, {""id"": ""118"", ""name"": ""Biskrah"", ""country_id"": ""3""}, {""id"": ""119"", ""name"": ""Blidah"", ""country_id"": ""3""}, {""id"": ""120"", ""name"": ""Buirah"", ""country_id"": ""3""}, {""id"": ""121"", ""name"": ""Bumardas"", ""country_id"": ""3""}, {""id"": ""122"", ""name"": ""Burj Bu Arririj"", ""country_id"": ""3""}, {""id"": ""123"", ""name"": ""Ghalizan"", ""country_id"": ""3""}, {""id"": ""124"", ""name"": ""Ghardayah"", ""country_id"": ""3""}, {""id"": ""125"", ""name"": ""Ilizi"", ""country_id"": ""3""}, {""id"": ""126"", ""name"": ""Jijili"", ""country_id"": ""3""}, {""id"": ""127"", ""name"": ""Jilfah"", ""country_id"": ""3""}, {""id"": ""128"", ""name"": ""Khanshalah"", ""country_id"": ""3""}, {""id"": ""129"", ""name"": ""Masilah"", ""country_id"": ""3""}, {""id"": ""130"", ""name"": ""Midyah"", ""country_id"": ""3""}, {""id"": ""131"", ""name"": ""Milah"", ""country_id"": ""3""}, {""id"": ""132"", ""name"": ""Muaskar"", ""country_id"": ""3""}, {""id"": ""133"", ""name"": ""Mustaghanam"", ""country_id"": ""3""}, {""id"": ""134"", ""name"": ""Naama"", ""country_id"": ""3""}, {""id"": ""135"", ""name"": ""Oran"", ""country_id"": ""3""}, {""id"": ""136"", ""name"": ""Ouargla"", ""country_id"": ""3""}, {""id"": ""137"", ""name"": ""Qalmah"", ""country_id"": ""3""}, {""id"": ""138"", ""name"": ""Qustantinah"", ""country_id"": ""3""}, {""id"": ""139"", ""name"": ""Sakikdah"", ""country_id"": ""3""}, {""id"": ""140"", ""name"": ""Satif"", ""country_id"": ""3""}, {""id"": ""141"", ""name"": ""Sayda"", ""country_id"": ""3""}, {""id"": ""142"", ""name"": ""Sidi ban-al-\'\'Abbas"", ""country_id"": ""3""}, {""id"": ""143"", ""name"": ""Suq Ahras"", ""country_id"": ""3""}, {""id"": ""144"", ""name"": ""Tamanghasat"", ""country_id"": ""3""}, {""id"": ""145"", ""name"": ""Tibazah"", ""country_id"": ""3""}, {""id"": ""146"", ""name"": ""Tibissah"", ""country_id"": ""3""}, {""id"": ""147"", ""name"": ""Tilimsan"", ""country_id"": ""3""}, {""id"": ""148"", ""name"": ""Tinduf"", ""country_id"": ""3""}, {""id"": ""149"", ""name"": ""Tisamsilt"", ""country_id"": ""3""}, {""id"": ""150"", ""name"": ""Tiyarat"", ""country_id"": ""3""}, {""id"": ""151"", ""name"": ""Tizi Wazu"", ""country_id"": ""3""}, {""id"": ""152"", ""name"": ""Umm-al-Bawaghi"", ""country_id"": ""3""}, {""id"": ""153"", ""name"": ""Wahran"", ""country_id"": ""3""}, {""id"": ""154"", ""name"": ""Warqla"", ""country_id"": ""3""}, {""id"": ""155"", ""name"": ""Wilaya d Alger"", ""country_id"": ""3""}, {""id"": ""156"", ""name"": ""Wilaya de Bejaia"", ""country_id"": ""3""}, {""id"": ""157"", ""name"": ""Wilaya de Constantine"", ""country_id"": ""3""}, {""id"": ""158"", ""name"": ""al-Aghwat"", ""country_id"": ""3""}, {""id"": ""159"", ""name"": ""al-Bayadh"", ""country_id"": ""3""}, {""id"": ""160"", ""name"": ""al-Jaza\'\'ir"", ""country_id"": ""3""}, {""id"": ""161"", ""name"": ""al-Wad"", ""country_id"": ""3""}, {""id"": ""162"", ""name"": ""ash-Shalif"", ""country_id"": ""3""}, {""id"": ""163"", ""name"": ""at-Tarif"", ""country_id"": ""3""}, {""id"": ""164"", ""name"": ""Eastern"", ""country_id"": ""4""}, {""id"": ""165"", ""name"": ""Manu\'\'a"", ""country_id"": ""4""}, {""id"": ""166"", ""name"": ""Swains Island"", ""country_id"": ""4""}, {""id"": ""167"", ""name"": ""Western"", ""country_id"": ""4""}, {""id"": ""168"", ""name"": ""Andorra la Vella"", ""country_id"": ""5""}, {""id"": ""169"", ""name"": ""Canillo"", ""country_id"": ""5""}, {""id"": ""170"", ""name"": ""Encamp"", ""country_id"": ""5""}, {""id"": ""171"", ""name"": ""La Massana"", ""country_id"": ""5""}, {""id"": ""172"", ""name"": ""Les Escaldes"", ""country_id"": ""5""}, {""id"": ""173"", ""name"": ""Ordino"", ""country_id"": ""5""}, {""id"": ""174"", ""name"": ""Sant Julia de Loria"", ""country_id"": ""5""}, {""id"": ""175"", ""name"": ""Bengo"", ""country_id"": ""6""}, {""id"": ""176"", ""name"": ""Benguela"", ""country_id"": ""6""}, {""id"": ""177"", ""name"": ""Bie"", ""country_id"": ""6""}, {""id"": ""178"", ""name"": ""Cabinda"", ""country_id"": ""6""}, {""id"": ""179"", ""name"": ""Cunene"", ""country_id"": ""6""}, {""id"": ""180"", ""name"": ""Huambo"", ""country_id"": ""6""}, {""id"": ""181"", ""name"": ""Huila"", ""country_id"": ""6""}, {""id"": ""182"", ""name"": ""Kuando-Kubango"", ""country_id"": ""6""}, {""id"": ""183"", ""name"": ""Kwanza Norte"", ""country_id"": ""6""}, {""id"": ""184"", ""name"": ""Kwanza Sul"", ""country_id"": ""6""}, {""id"": ""185"", ""name"": ""Luanda"", ""country_id"": ""6""}, {""id"": ""186"", ""name"": ""Lunda Norte"", ""country_id"": ""6""}, {""id"": ""187"", ""name"": ""Lunda Sul"", ""country_id"": ""6""}, {""id"": ""188"", ""name"": ""Malanje"", ""country_id"": ""6""}, {""id"": ""189"", ""name"": ""Moxico"", ""country_id"": ""6""}, {""id"": ""190"", ""name"": ""Namibe"", ""country_id"": ""6""}, {""id"": ""191"", ""name"": ""Uige"", ""country_id"": ""6""}, {""id"": ""192"", ""name"": ""Zaire"", ""country_id"": ""6""}, {""id"": ""193"", ""name"": ""Other Provinces"", ""country_id"": ""7""}, {""id"": ""194"", ""name"": ""Sector claimed by Argentina/Ch"", ""country_id"": ""8""}, {""id"": ""195"", ""name"": ""Sector claimed by Argentina/UK"", ""country_id"": ""8""}, {""id"": ""196"", ""name"": ""Sector claimed by Australia"", ""country_id"": ""8""}, {""id"": ""197"", ""name"": ""Sector claimed by France"", ""country_id"": ""8""}, {""id"": ""198"", ""name"": ""Sector claimed by New Zealand"", ""country_id"": ""8""}, {""id"": ""199"", ""name"": ""Sector claimed by Norway"", ""country_id"": ""8""}, {""id"": ""200"", ""name"": ""Unclaimed Sector"", ""country_id"": ""8""}, {""id"": ""201"", ""name"": ""Barbuda"", ""country_id"": ""9""}, {""id"": ""202"", ""name"": ""Saint George"", ""country_id"": ""9""}, {""id"": ""203"", ""name"": ""Saint John"", ""country_id"": ""9""}, {""id"": ""204"", ""name"": ""Saint Mary"", ""country_id"": ""9""}, {""id"": ""205"", ""name"": ""Saint Paul"", ""country_id"": ""9""}, {""id"": ""206"", ""name"": ""Saint Peter"", ""country_id"": ""9""}, {""id"": ""207"", ""name"": ""Saint Philip"", ""country_id"": ""9""}, {""id"": ""208"", ""name"": ""Buenos Aires"", ""country_id"": ""10""}, {""id"": ""209"", ""name"": ""Catamarca"", ""country_id"": ""10""}, {""id"": ""210"", ""name"": ""Chaco"", ""country_id"": ""10""}, {""id"": ""211"", ""name"": ""Chubut"", ""country_id"": ""10""}, {""id"": ""212"", ""name"": ""Cordoba"", ""country_id"": ""10""}, {""id"": ""213"", ""name"": ""Corrientes"", ""country_id"": ""10""}, {""id"": ""214"", ""name"": ""Distrito Federal"", ""country_id"": ""10""}, {""id"": ""215"", ""name"": ""Entre Rios"", ""country_id"": ""10""}, {""id"": ""216"", ""name"": ""Formosa"", ""country_id"": ""10""}, {""id"": ""217"", ""name"": ""Jujuy"", ""country_id"": ""10""}, {""id"": ""218"", ""name"": ""La Pampa"", ""country_id"": ""10""}, {""id"": ""219"", ""name"": ""La Rioja"", ""country_id"": ""10""}, {""id"": ""220"", ""name"": ""Mendoza"", ""country_id"": ""10""}, {""id"": ""221"", ""name"": ""Misiones"", ""country_id"": ""10""}, {""id"": ""222"", ""name"": ""Neuquen"", ""country_id"": ""10""}, {""id"": ""223"", ""name"": ""Rio Negro"", ""country_id"": ""10""}, {""id"": ""224"", ""name"": ""Salta"", ""country_id"": ""10""}, {""id"": ""225"", ""name"": ""San Juan"", ""country_id"": ""10""}, {""id"": ""226"", ""name"": ""San Luis"", ""country_id"": ""10""}, {""id"": ""227"", ""name"": ""Santa Cruz"", ""country_id"": ""10""}, {""id"": ""228"", ""name"": ""Santa Fe"", ""country_id"": ""10""}, {""id"": ""229"", ""name"": ""Santiago del Estero"", ""country_id"": ""10""}, {""id"": ""230"", ""name"": ""Tierra del Fuego"", ""country_id"": ""10""}, {""id"": ""231"", ""name"": ""Tucuman"", ""country_id"": ""10""}, {""id"": ""232"", ""name"": ""Aragatsotn"", ""country_id"": ""11""}, {""id"": ""233"", ""name"": ""Ararat"", ""country_id"": ""11""}, {""id"": ""234"", ""name"": ""Armavir"", ""country_id"": ""11""}, {""id"": ""235"", ""name"": ""Gegharkunik"", ""country_id"": ""11""}, {""id"": ""236"", ""name"": ""Kotaik"", ""country_id"": ""11""}, {""id"": ""237"", ""name"": ""Lori"", ""country_id"": ""11""}, {""id"": ""238"", ""name"": ""Shirak"", ""country_id"": ""11""}, {""id"": ""239"", ""name"": ""Stepanakert"", ""country_id"": ""11""}, {""id"": ""240"", ""name"": ""Syunik"", ""country_id"": ""11""}, {""id"": ""241"", ""name"": ""Tavush"", ""country_id"": ""11""}, {""id"": ""242"", ""name"": ""Vayots Dzor"", ""country_id"": ""11""}, {""id"": ""243"", ""name"": ""Yerevan"", ""country_id"": ""11""}, {""id"": ""244"", ""name"": ""Aruba"", ""country_id"": ""12""}, {""id"": ""245"", ""name"": ""Auckland"", ""country_id"": ""13""}, {""id"": ""246"", ""name"": ""Australian Capital Territory"", ""country_id"": ""13""}, {""id"": ""247"", ""name"": ""Balgowlah"", ""country_id"": ""13""}, {""id"": ""248"", ""name"": ""Balmain"", ""country_id"": ""13""}, {""id"": ""249"", ""name"": ""Bankstown"", ""country_id"": ""13""}, {""id"": ""250"", ""name"": ""Baulkham Hills"", ""country_id"": ""13""}, {""id"": ""251"", ""name"": ""Bonnet Bay"", ""country_id"": ""13""}, {""id"": ""252"", ""name"": ""Camberwell"", ""country_id"": ""13""}, {""id"": ""253"", ""name"": ""Carole Park"", ""country_id"": ""13""}, {""id"": ""254"", ""name"": ""Castle Hill"", ""country_id"": ""13""}, {""id"": ""255"", ""name"": ""Caulfield"", ""country_id"": ""13""}, {""id"": ""256"", ""name"": ""Chatswood"", ""country_id"": ""13""}, {""id"": ""257"", ""name"": ""Cheltenham"", ""country_id"": ""13""}, {""id"": ""258"", ""name"": ""Cherrybrook"", ""country_id"": ""13""}, {""id"": ""259"", ""name"": ""Clayton"", ""country_id"": ""13""}, {""id"": ""260"", ""name"": ""Collingwood"", ""country_id"": ""13""}, {""id"": ""261"", ""name"": ""Frenchs Forest"", ""country_id"": ""13""}, {""id"": ""262"", ""name"": ""Hawthorn"", ""country_id"": ""13""}, {""id"": ""263"", ""name"": ""Jannnali"", ""country_id"": ""13""}, {""id"": ""264"", ""name"": ""Knoxfield"", ""country_id"": ""13""}, {""id"": ""265"", ""name"": ""Melbourne"", ""country_id"": ""13""}, {""id"": ""266"", ""name"": ""New South Wales"", ""country_id"": ""13""}, {""id"": ""267"", ""name"": ""Northern Territory"", ""country_id"": ""13""}, {""id"": ""268"", ""name"": ""Perth"", ""country_id"": ""13""}, {""id"": ""269"", ""name"": ""Queensland"", ""country_id"": ""13""}, {""id"": ""270"", ""name"": ""South Australia"", ""country_id"": ""13""}, {""id"": ""271"", ""name"": ""Tasmania"", ""country_id"": ""13""}, {""id"": ""272"", ""name"": ""Templestowe"", ""country_id"": ""13""}, {""id"": ""273"", ""name"": ""Victoria"", ""country_id"": ""13""}, {""id"": ""274"", ""name"": ""Werribee south"", ""country_id"": ""13""}, {""id"": ""275"", ""name"": ""Western Australia"", ""country_id"": ""13""}, {""id"": ""276"", ""name"": ""Wheeler"", ""country_id"": ""13""}, {""id"": ""277"", ""name"": ""Bundesland Salzburg"", ""country_id"": ""14""}, {""id"": ""278"", ""name"": ""Bundesland Steiermark"", ""country_id"": ""14""}, {""id"": ""279"", ""name"": ""Bundesland Tirol"", ""country_id"": ""14""}, {""id"": ""280"", ""name"": ""Burgenland"", ""country_id"": ""14""}, {""id"": ""281"", ""name"": ""Carinthia"", ""country_id"": ""14""}, {""id"": ""282"", ""name"": ""Karnten"", ""country_id"": ""14""}, {""id"": ""283"", ""name"": ""Liezen"", ""country_id"": ""14""}, {""id"": ""284"", ""name"": ""Lower Austria"", ""country_id"": ""14""}, {""id"": ""285"", ""name"": ""Niederosterreich"", ""country_id"": ""14""}, {""id"": ""286"", ""name"": ""Oberosterreich"", ""country_id"": ""14""}, {""id"": ""287"", ""name"": ""Salzburg"", ""country_id"": ""14""}, {""id"": ""288"", ""name"": ""Schleswig-Holstein"", ""country_id"": ""14""}, {""id"": ""289"", ""name"": ""Steiermark"", ""country_id"": ""14""}, {""id"": ""290"", ""name"": ""Styria"", ""country_id"": ""14""}, {""id"": ""291"", ""name"": ""Tirol"", ""country_id"": ""14""}, {""id"": ""292"", ""name"": ""Upper Austria"", ""country_id"": ""14""}, {""id"": ""293"", ""name"": ""Vorarlberg"", ""country_id"": ""14""}, {""id"": ""294"", ""name"": ""Wien"", ""country_id"": ""14""}, {""id"": ""295"", ""name"": ""Abseron"", ""country_id"": ""15""}, {""id"": ""296"", ""name"": ""Baki Sahari"", ""country_id"": ""15""}, {""id"": ""297"", ""name"": ""Ganca"", ""country_id"": ""15""}, {""id"": ""298"", ""name"": ""Ganja"", ""country_id"": ""15""}, {""id"": ""299"", ""name"": ""Kalbacar"", ""country_id"": ""15""}, {""id"": ""300"", ""name"": ""Lankaran"", ""country_id"": ""15""}, {""id"": ""301"", ""name"": ""Mil-Qarabax"", ""country_id"": ""15""}, {""id"": ""302"", ""name"": ""Mugan-Salyan"", ""country_id"": ""15""}, {""id"": ""303"", ""name"": ""Nagorni-Qarabax"", ""country_id"": ""15""}, {""id"": ""304"", ""name"": ""Naxcivan"", ""country_id"": ""15""}, {""id"": ""305"", ""name"": ""Priaraks"", ""country_id"": ""15""}, {""id"": ""306"", ""name"": ""Qazax"", ""country_id"": ""15""}, {""id"": ""307"", ""name"": ""Saki"", ""country_id"": ""15""}, {""id"": ""308"", ""name"": ""Sirvan"", ""country_id"": ""15""}, {""id"": ""309"", ""name"": ""Xacmaz"", ""country_id"": ""15""}, {""id"": ""310"", ""name"": ""Abaco"", ""country_id"": ""16""}, {""id"": ""311"", ""name"": ""Acklins Island"", ""country_id"": ""16""}, {""id"": ""312"", ""name"": ""Andros"", ""country_id"": ""16""}, {""id"": ""313"", ""name"": ""Berry Islands"", ""country_id"": ""16""}, {""id"": ""314"", ""name"": ""Biminis"", ""country_id"": ""16""}, {""id"": ""315"", ""name"": ""Cat Island"", ""country_id"": ""16""}, {""id"": ""316"", ""name"": ""Crooked Island"", ""country_id"": ""16""}, {""id"": ""317"", ""name"": ""Eleuthera"", ""country_id"": ""16""}, {""id"": ""318"", ""name"": ""Exuma and Cays"", ""country_id"": ""16""}, {""id"": ""319"", ""name"": ""Grand Bahama"", ""country_id"": ""16""}, {""id"": ""320"", ""name"": ""Inagua Islands"", ""country_id"": ""16""}, {""id"": ""321"", ""name"": ""Long Island"", ""country_id"": ""16""}, {""id"": ""322"", ""name"": ""Mayaguana"", ""country_id"": ""16""}, {""id"": ""323"", ""name"": ""New Providence"", ""country_id"": ""16""}, {""id"": ""324"", ""name"": ""Ragged Island"", ""country_id"": ""16""}, {""id"": ""325"", ""name"": ""Rum Cay"", ""country_id"": ""16""}, {""id"": ""326"", ""name"": ""San Salvador"", ""country_id"": ""16""}, {""id"": ""327"", ""name"": ""Isa"", ""country_id"": ""17""}, {""id"": ""328"", ""name"": ""Badiyah"", ""country_id"": ""17""}, {""id"": ""329"", ""name"": ""Hidd"", ""country_id"": ""17""}, {""id"": ""330"", ""name"": ""Jidd Hafs"", ""country_id"": ""17""}, {""id"": ""331"", ""name"": ""Mahama"", ""country_id"": ""17""}, {""id"": ""332"", ""name"": ""Manama"", ""country_id"": ""17""}, {""id"": ""333"", ""name"": ""Sitrah"", ""country_id"": ""17""}, {""id"": ""334"", ""name"": ""al-Manamah"", ""country_id"": ""17""}, {""id"": ""335"", ""name"": ""al-Muharraq"", ""country_id"": ""17""}, {""id"": ""336"", ""name"": ""ar-Rifa\'\'a"", ""country_id"": ""17""}, {""id"": ""337"", ""name"": ""Bagar Hat"", ""country_id"": ""18""}, {""id"": ""338"", ""name"": ""Bandarban"", ""country_id"": ""18""}, {""id"": ""339"", ""name"": ""Barguna"", ""country_id"": ""18""}, {""id"": ""340"", ""name"": ""Barisal"", ""country_id"": ""18""}, {""id"": ""341"", ""name"": ""Bhola"", ""country_id"": ""18""}, {""id"": ""342"", ""name"": ""Bogora"", ""country_id"": ""18""}, {""id"": ""343"", ""name"": ""Brahman Bariya"", ""country_id"": ""18""}, {""id"": ""344"", ""name"": ""Chandpur"", ""country_id"": ""18""}, {""id"": ""345"", ""name"": ""Chattagam"", ""country_id"": ""18""}, {""id"": ""346"", ""name"": ""Chittagong Division"", ""country_id"": ""18""}, {""id"": ""347"", ""name"": ""Chuadanga"", ""country_id"": ""18""}, {""id"": ""348"", ""name"": ""Dhaka"", ""country_id"": ""18""}, {""id"": ""349"", ""name"": ""Dinajpur"", ""country_id"": ""18""}, {""id"": ""350"", ""name"": ""Faridpur"", ""country_id"": ""18""}, {""id"": ""351"", ""name"": ""Feni"", ""country_id"": ""18""}, {""id"": ""352"", ""name"": ""Gaybanda"", ""country_id"": ""18""}, {""id"": ""353"", ""name"": ""Gazipur"", ""country_id"": ""18""}, {""id"": ""354"", ""name"": ""Gopalganj"", ""country_id"": ""18""}, {""id"": ""355"", ""name"": ""Habiganj"", ""country_id"": ""18""}, {""id"": ""356"", ""name"": ""Jaipur Hat"", ""country_id"": ""18""}, {""id"": ""357"", ""name"": ""Jamalpur"", ""country_id"": ""18""}, {""id"": ""358"", ""name"": ""Jessor"", ""country_id"": ""18""}, {""id"": ""359"", ""name"": ""Jhalakati"", ""country_id"": ""18""}, {""id"": ""360"", ""name"": ""Jhanaydah"", ""country_id"": ""18""}, {""id"": ""361"", ""name"": ""Khagrachhari"", ""country_id"": ""18""}, {""id"": ""362"", ""name"": ""Khulna"", ""country_id"": ""18""}, {""id"": ""363"", ""name"": ""Kishorganj"", ""country_id"": ""18""}, {""id"": ""364"", ""name"": ""Koks Bazar"", ""country_id"": ""18""}, {""id"": ""365"", ""name"": ""Komilla"", ""country_id"": ""18""}, {""id"": ""366"", ""name"": ""Kurigram"", ""country_id"": ""18""}, {""id"": ""367"", ""name"": ""Kushtiya"", ""country_id"": ""18""}, {""id"": ""368"", ""name"": ""Lakshmipur"", ""country_id"": ""18""}, {""id"": ""369"", ""name"": ""Lalmanir Hat"", ""country_id"": ""18""}, {""id"": ""370"", ""name"": ""Madaripur"", ""country_id"": ""18""}, {""id"": ""371"", ""name"": ""Magura"", ""country_id"": ""18""}, {""id"": ""372"", ""name"": ""Maimansingh"", ""country_id"": ""18""}, {""id"": ""373"", ""name"": ""Manikganj"", ""country_id"": ""18""}, {""id"": ""374"", ""name"": ""Maulvi Bazar"", ""country_id"": ""18""}, {""id"": ""375"", ""name"": ""Meherpur"", ""country_id"": ""18""}, {""id"": ""376"", ""name"": ""Munshiganj"", ""country_id"": ""18""}, {""id"": ""377"", ""name"": ""Naral"", ""country_id"": ""18""}, {""id"": ""378"", ""name"": ""Narayanganj"", ""country_id"": ""18""}, {""id"": ""379"", ""name"": ""Narsingdi"", ""country_id"": ""18""}, {""id"": ""380"", ""name"": ""Nator"", ""country_id"": ""18""}, {""id"": ""381"", ""name"": ""Naugaon"", ""country_id"": ""18""}, {""id"": ""382"", ""name"": ""Nawabganj"", ""country_id"": ""18""}, {""id"": ""383"", ""name"": ""Netrakona"", ""country_id"": ""18""}, {""id"": ""384"", ""name"": ""Nilphamari"", ""country_id"": ""18""}, {""id"": ""385"", ""name"": ""Noakhali"", ""country_id"": ""18""}, {""id"": ""386"", ""name"": ""Pabna"", ""country_id"": ""18""}, {""id"": ""387"", ""name"": ""Panchagarh"", ""country_id"": ""18""}, {""id"": ""388"", ""name"": ""Patuakhali"", ""country_id"": ""18""}, {""id"": ""389"", ""name"": ""Pirojpur"", ""country_id"": ""18""}, {""id"": ""390"", ""name"": ""Rajbari"", ""country_id"": ""18""}, {""id"": ""391"", ""name"": ""Rajshahi"", ""country_id"": ""18""}, {""id"": ""392"", ""name"": ""Rangamati"", ""country_id"": ""18""}, {""id"": ""393"", ""name"": ""Rangpur"", ""country_id"": ""18""}, {""id"": ""394"", ""name"": ""Satkhira"", ""country_id"": ""18""}, {""id"": ""395"", ""name"": ""Shariatpur"", ""country_id"": ""18""}, {""id"": ""396"", ""name"": ""Sherpur"", ""country_id"": ""18""}, {""id"": ""397"", ""name"": ""Silhat"", ""country_id"": ""18""}, {""id"": ""398"", ""name"": ""Sirajganj"", ""country_id"": ""18""}, {""id"": ""399"", ""name"": ""Sunamganj"", ""country_id"": ""18""}, {""id"": ""400"", ""name"": ""Tangayal"", ""country_id"": ""18""}, {""id"": ""401"", ""name"": ""Thakurgaon"", ""country_id"": ""18""}, {""id"": ""402"", ""name"": ""Christ Church"", ""country_id"": ""19""}, {""id"": ""403"", ""name"": ""Saint Andrew"", ""country_id"": ""19""}, {""id"": ""404"", ""name"": ""Saint George"", ""country_id"": ""19""}, {""id"": ""405"", ""name"": ""Saint James"", ""country_id"": ""19""}, {""id"": ""406"", ""name"": ""Saint John"", ""country_id"": ""19""}, {""id"": ""407"", ""name"": ""Saint Joseph"", ""country_id"": ""19""}, {""id"": ""408"", ""name"": ""Saint Lucy"", ""country_id"": ""19""}, {""id"": ""409"", ""name"": ""Saint Michael"", ""country_id"": ""19""}, {""id"": ""410"", ""name"": ""Saint Peter"", ""country_id"": ""19""}, {""id"": ""411"", ""name"": ""Saint Philip"", ""country_id"": ""19""}, {""id"": ""412"", ""name"": ""Saint Thomas"", ""country_id"": ""19""}, {""id"": ""413"", ""name"": ""Brest"", ""country_id"": ""20""}, {""id"": ""414"", ""name"": ""Homjel"", ""country_id"": ""20""}, {""id"": ""415"", ""name"": ""Hrodna"", ""country_id"": ""20""}, {""id"": ""416"", ""name"": ""Mahiljow"", ""country_id"": ""20""}, {""id"": ""417"", ""name"": ""Mahilyowskaya Voblasts"", ""country_id"": ""20""}, {""id"": ""418"", ""name"": ""Minsk"", ""country_id"": ""20""}, {""id"": ""419"", ""name"": ""Minskaja Voblasts"", ""country_id"": ""20""}, {""id"": ""420"", ""name"": ""Petrik"", ""country_id"": ""20""}, {""id"": ""421"", ""name"": ""Vicebsk"", ""country_id"": ""20""}, {""id"": ""422"", ""name"": ""Antwerpen"", ""country_id"": ""21""}, {""id"": ""423"", ""name"": ""Berchem"", ""country_id"": ""21""}, {""id"": ""424"", ""name"": ""Brabant"", ""country_id"": ""21""}, {""id"": ""425"", ""name"": ""Brabant Wallon"", ""country_id"": ""21""}, {""id"": ""426"", ""name"": ""Brussel"", ""country_id"": ""21""}, {""id"": ""427"", ""name"": ""East Flanders"", ""country_id"": ""21""}, {""id"": ""428"", ""name"": ""Hainaut"", ""country_id"": ""21""}, {""id"": ""429"", ""name"": ""Liege"", ""country_id"": ""21""}, {""id"": ""430"", ""name"": ""Limburg"", ""country_id"": ""21""}, {""id"": ""431"", ""name"": ""Luxembourg"", ""country_id"": ""21""}, {""id"": ""432"", ""name"": ""Namur"", ""country_id"": ""21""}, {""id"": ""433"", ""name"": ""Ontario"", ""country_id"": ""21""}, {""id"": ""434"", ""name"": ""Oost-Vlaanderen"", ""country_id"": ""21""}, {""id"": ""435"", ""name"": ""Provincie Brabant"", ""country_id"": ""21""}, {""id"": ""436"", ""name"": ""Vlaams-Brabant"", ""country_id"": ""21""}, {""id"": ""437"", ""name"": ""Wallonne"", ""country_id"": ""21""}, {""id"": ""438"", ""name"": ""West-Vlaanderen"", ""country_id"": ""21""}, {""id"": ""439"", ""name"": ""Belize"", ""country_id"": ""22""}, {""id"": ""440"", ""name"": ""Cayo"", ""country_id"": ""22""}, {""id"": ""441"", ""name"": ""Corozal"", ""country_id"": ""22""}, {""id"": ""442"", ""name"": ""Orange Walk"", ""country_id"": ""22""}, {""id"": ""443"", ""name"": ""Stann Creek"", ""country_id"": ""22""}, {""id"": ""444"", ""name"": ""Toledo"", ""country_id"": ""22""}, {""id"": ""445"", ""name"": ""Alibori"", ""country_id"": ""23""}, {""id"": ""446"", ""name"": ""Atacora"", ""country_id"": ""23""}, {""id"": ""447"", ""name"": ""Atlantique"", ""country_id"": ""23""}, {""id"": ""448"", ""name"": ""Borgou"", ""country_id"": ""23""}, {""id"": ""449"", ""name"": ""Collines"", ""country_id"": ""23""}, {""id"": ""450"", ""name"": ""Couffo"", ""country_id"": ""23""}, {""id"": ""451"", ""name"": ""Donga"", ""country_id"": ""23""}, {""id"": ""452"", ""name"": ""Littoral"", ""country_id"": ""23""}, {""id"": ""453"", ""name"": ""Mono"", ""country_id"": ""23""}, {""id"": ""454"", ""name"": ""Oueme"", ""country_id"": ""23""}, {""id"": ""455"", ""name"": ""Plateau"", ""country_id"": ""23""}, {""id"": ""456"", ""name"": ""Zou"", ""country_id"": ""23""}, {""id"": ""457"", ""name"": ""Hamilton"", ""country_id"": ""24""}, {""id"": ""458"", ""name"": ""Saint George"", ""country_id"": ""24""}, {""id"": ""459"", ""name"": ""Bumthang"", ""country_id"": ""25""}, {""id"": ""460"", ""name"": ""Chhukha"", ""country_id"": ""25""}, {""id"": ""461"", ""name"": ""Chirang"", ""country_id"": ""25""}, {""id"": ""462"", ""name"": ""Daga"", ""country_id"": ""25""}, {""id"": ""463"", ""name"": ""Geylegphug"", ""country_id"": ""25""}, {""id"": ""464"", ""name"": ""Ha"", ""country_id"": ""25""}, {""id"": ""465"", ""name"": ""Lhuntshi"", ""country_id"": ""25""}, {""id"": ""466"", ""name"": ""Mongar"", ""country_id"": ""25""}, {""id"": ""467"", ""name"": ""Pemagatsel"", ""country_id"": ""25""}, {""id"": ""468"", ""name"": ""Punakha"", ""country_id"": ""25""}, {""id"": ""469"", ""name"": ""Rinpung"", ""country_id"": ""25""}, {""id"": ""470"", ""name"": ""Samchi"", ""country_id"": ""25""}, {""id"": ""471"", ""name"": ""Samdrup Jongkhar"", ""country_id"": ""25""}, {""id"": ""472"", ""name"": ""Shemgang"", ""country_id"": ""25""}, {""id"": ""473"", ""name"": ""Tashigang"", ""country_id"": ""25""}, {""id"": ""474"", ""name"": ""Timphu"", ""country_id"": ""25""}, {""id"": ""475"", ""name"": ""Tongsa"", ""country_id"": ""25""}, {""id"": ""476"", ""name"": ""Wangdiphodrang"", ""country_id"": ""25""}, {""id"": ""477"", ""name"": ""Beni"", ""country_id"": ""26""}, {""id"": ""478"", ""name"": ""Chuquisaca"", ""country_id"": ""26""}, {""id"": ""479"", ""name"": ""Cochabamba"", ""country_id"": ""26""}, {""id"": ""480"", ""name"": ""La Paz"", ""country_id"": ""26""}, {""id"": ""481"", ""name"": ""Oruro"", ""country_id"": ""26""}, {""id"": ""482"", ""name"": ""Pando"", ""country_id"": ""26""}, {""id"": ""483"", ""name"": ""Potosi"", ""country_id"": ""26""}, {""id"": ""484"", ""name"": ""Santa Cruz"", ""country_id"": ""26""}, {""id"": ""485"", ""name"": ""Tarija"", ""country_id"": ""26""}, {""id"": ""486"", ""name"": ""Federacija Bosna i Hercegovina"", ""country_id"": ""27""}, {""id"": ""487"", ""name"": ""Republika Srpska"", ""country_id"": ""27""}, {""id"": ""488"", ""name"": ""Central Bobonong"", ""country_id"": ""28""}, {""id"": ""489"", ""name"": ""Central Boteti"", ""country_id"": ""28""}, {""id"": ""490"", ""name"": ""Central Mahalapye"", ""country_id"": ""28""}, {""id"": ""491"", ""name"": ""Central Serowe-Palapye"", ""country_id"": ""28""}, {""id"": ""492"", ""name"": ""Central Tutume"", ""country_id"": ""28""}, {""id"": ""493"", ""name"": ""Chobe"", ""country_id"": ""28""}, {""id"": ""494"", ""name"": ""Francistown"", ""country_id"": ""28""}, {""id"": ""495"", ""name"": ""Gaborone"", ""country_id"": ""28""}, {""id"": ""496"", ""name"": ""Ghanzi"", ""country_id"": ""28""}, {""id"": ""497"", ""name"": ""Jwaneng"", ""country_id"": ""28""}, {""id"": ""498"", ""name"": ""Kgalagadi North"", ""country_id"": ""28""}, {""id"": ""499"", ""name"": ""Kgalagadi South"", ""country_id"": ""28""}, {""id"": ""500"", ""name"": ""Kgatleng"", ""country_id"": ""28""}, {""id"": ""501"", ""name"": ""Kweneng"", ""country_id"": ""28""}, {""id"": ""502"", ""name"": ""Lobatse"", ""country_id"": ""28""}, {""id"": ""503"", ""name"": ""Ngamiland"", ""country_id"": ""28""}, {""id"": ""504"", ""name"": ""Ngwaketse"", ""country_id"": ""28""}, {""id"": ""505"", ""name"": ""North East"", ""country_id"": ""28""}, {""id"": ""506"", ""name"": ""Okavango"", ""country_id"": ""28""}, {""id"": ""507"", ""name"": ""Orapa"", ""country_id"": ""28""}, {""id"": ""508"", ""name"": ""Selibe Phikwe"", ""country_id"": ""28""}, {""id"": ""509"", ""name"": ""South East"", ""country_id"": ""28""}, {""id"": ""510"", ""name"": ""Sowa"", ""country_id"": ""28""}, {""id"": ""511"", ""name"": ""Bouvet Island"", ""country_id"": ""29""}, {""id"": ""512"", ""name"": ""Acre"", ""country_id"": ""30""}, {""id"": ""513"", ""name"": ""Alagoas"", ""country_id"": ""30""}, {""id"": ""514"", ""name"": ""Amapa"", ""country_id"": ""30""}, {""id"": ""515"", ""name"": ""Amazonas"", ""country_id"": ""30""}, {""id"": ""516"", ""name"": ""Bahia"", ""country_id"": ""30""}, {""id"": ""517"", ""name"": ""Ceara"", ""country_id"": ""30""}, {""id"": ""518"", ""name"": ""Distrito Federal"", ""country_id"": ""30""}, {""id"": ""519"", ""name"": ""Espirito Santo"", ""country_id"": ""30""}, {""id"": ""520"", ""name"": ""Estado de Sao Paulo"", ""country_id"": ""30""}, {""id"": ""521"", ""name"": ""Goias"", ""country_id"": ""30""}, {""id"": ""522"", ""name"": ""Maranhao"", ""country_id"": ""30""}, {""id"": ""523"", ""name"": ""Mato Grosso"", ""country_id"": ""30""}, {""id"": ""524"", ""name"": ""Mato Grosso do Sul"", ""country_id"": ""30""}, {""id"": ""525"", ""name"": ""Minas Gerais"", ""country_id"": ""30""}, {""id"": ""526"", ""name"": ""Para"", ""country_id"": ""30""}, {""id"": ""527"", ""name"": ""Paraiba"", ""country_id"": ""30""}, {""id"": ""528"", ""name"": ""Parana"", ""country_id"": ""30""}, {""id"": ""529"", ""name"": ""Pernambuco"", ""country_id"": ""30""}, {""id"": ""530"", ""name"": ""Piaui"", ""country_id"": ""30""}, {""id"": ""531"", ""name"": ""Rio Grande do Norte"", ""country_id"": ""30""}, {""id"": ""532"", ""name"": ""Rio Grande do Sul"", ""country_id"": ""30""}, {""id"": ""533"", ""name"": ""Rio de Janeiro"", ""country_id"": ""30""}, {""id"": ""534"", ""name"": ""Rondonia"", ""country_id"": ""30""}, {""id"": ""535"", ""name"": ""Roraima"", ""country_id"": ""30""}, {""id"": ""536"", ""name"": ""Santa Catarina"", ""country_id"": ""30""}, {""id"": ""537"", ""name"": ""Sao Paulo"", ""country_id"": ""30""}, {""id"": ""538"", ""name"": ""Sergipe"", ""country_id"": ""30""}, {""id"": ""539"", ""name"": ""Tocantins"", ""country_id"": ""30""}, {""id"": ""540"", ""name"": ""British Indian Ocean Territory"", ""country_id"": ""31""}, {""id"": ""541"", ""name"": ""Belait"", ""country_id"": ""32""}, {""id"": ""542"", ""name"": ""Brunei-Muara"", ""country_id"": ""32""}, {""id"": ""543"", ""name"": ""Temburong"", ""country_id"": ""32""}, {""id"": ""544"", ""name"": ""Tutong"", ""country_id"": ""32""}, {""id"": ""545"", ""name"": ""Blagoevgrad"", ""country_id"": ""33""}, {""id"": ""546"", ""name"": ""Burgas"", ""country_id"": ""33""}, {""id"": ""547"", ""name"": ""Dobrich"", ""country_id"": ""33""}, {""id"": ""548"", ""name"": ""Gabrovo"", ""country_id"": ""33""}, {""id"": ""549"", ""name"": ""Haskovo"", ""country_id"": ""33""}, {""id"": ""550"", ""name"": ""Jambol"", ""country_id"": ""33""}, {""id"": ""551"", ""name"": ""Kardzhali"", ""country_id"": ""33""}, {""id"": ""552"", ""name"": ""Kjustendil"", ""country_id"": ""33""}, {""id"": ""553"", ""name"": ""Lovech"", ""country_id"": ""33""}, {""id"": ""554"", ""name"": ""Montana"", ""country_id"": ""33""}, {""id"": ""555"", ""name"": ""Oblast Sofiya-Grad"", ""country_id"": ""33""}, {""id"": ""556"", ""name"": ""Pazardzhik"", ""country_id"": ""33""}, {""id"": ""557"", ""name"": ""Pernik"", ""country_id"": ""33""}, {""id"": ""558"", ""name"": ""Pleven"", ""country_id"": ""33""}, {""id"": ""559"", ""name"": ""Plovdiv"", ""country_id"": ""33""}, {""id"": ""560"", ""name"": ""Razgrad"", ""country_id"": ""33""}, {""id"": ""561"", ""name"": ""Ruse"", ""country_id"": ""33""}, {""id"": ""562"", ""name"": ""Shumen"", ""country_id"": ""33""}, {""id"": ""563"", ""name"": ""Silistra"", ""country_id"": ""33""}, {""id"": ""564"", ""name"": ""Sliven"", ""country_id"": ""33""}, {""id"": ""565"", ""name"": ""Smoljan"", ""country_id"": ""33""}, {""id"": ""566"", ""name"": ""Sofija grad"", ""country_id"": ""33""}, {""id"": ""567"", ""name"": ""Sofijska oblast"", ""country_id"": ""33""}, {""id"": ""568"", ""name"": ""Stara Zagora"", ""country_id"": ""33""}, {""id"": ""569"", ""name"": ""Targovishte"", ""country_id"": ""33""}, {""id"": ""570"", ""name"": ""Varna"", ""country_id"": ""33""}, {""id"": ""571"", ""name"": ""Veliko Tarnovo"", ""country_id"": ""33""}, {""id"": ""572"", ""name"": ""Vidin"", ""country_id"": ""33""}, {""id"": ""573"", ""name"": ""Vraca"", ""country_id"": ""33""}, {""id"": ""574"", ""name"": ""Yablaniza"", ""country_id"": ""33""}, {""id"": ""575"", ""name"": ""Bale"", ""country_id"": ""34""}, {""id"": ""576"", ""name"": ""Bam"", ""country_id"": ""34""}, {""id"": ""577"", ""name"": ""Bazega"", ""country_id"": ""34""}, {""id"": ""578"", ""name"": ""Bougouriba"", ""country_id"": ""34""}, {""id"": ""579"", ""name"": ""Boulgou"", ""country_id"": ""34""}, {""id"": ""580"", ""name"": ""Boulkiemde"", ""country_id"": ""34""}, {""id"": ""581"", ""name"": ""Comoe"", ""country_id"": ""34""}, {""id"": ""582"", ""name"": ""Ganzourgou"", ""country_id"": ""34""}, {""id"": ""583"", ""name"": ""Gnagna"", ""country_id"": ""34""}, {""id"": ""584"", ""name"": ""Gourma"", ""country_id"": ""34""}, {""id"": ""585"", ""name"": ""Houet"", ""country_id"": ""34""}, {""id"": ""586"", ""name"": ""Ioba"", ""country_id"": ""34""}, {""id"": ""587"", ""name"": ""Kadiogo"", ""country_id"": ""34""}, {""id"": ""588"", ""name"": ""Kenedougou"", ""country_id"": ""34""}, {""id"": ""589"", ""name"": ""Kom"
"'{""countries"": [{""id"": ""1"", ""sortname"": ""AF"", ""name"": ""Afghanistan""}, {""id"": ""2"", ""sortname"": ""AL"", ""name"": ""Albania""}, {""id"": ""3"", ""sortname"": ""DZ"", ""name"": ""Algeria""}, {""id"": ""4"", ""sortname"": ""AS"", ""name"": ""American Samoa""}, {""id"": ""5"", ""sortname"": ""AD"", ""name"": ""Andorra""}, {""id"": ""6"", ""sortname"": ""AO"", ""name"": ""Angola""}, {""id"": ""7"", ""sortname"": ""AI"", ""name"": ""Anguilla""}, {""id"": ""8"", ""sortname"": ""AQ"", ""name"": ""Antarctica""}, {""id"": ""9"", ""sortname"": ""AG"", ""name"": ""Antigua And Barbuda""}, {""id"": ""10"", ""sortname"": ""AR"", ""name"": ""Argentina""}, {""id"": ""11"", ""sortname"": ""AM"", ""name"": ""Armenia""}, {""id"": ""12"", ""sortname"": ""AW"", ""name"": ""Aruba""}, {""id"": ""13"", ""sortname"": ""AU"", ""name"": ""Australia""}, {""id"": ""14"", ""sortname"": ""AT"", ""name"": ""Austria""}, {""id"": ""15"", ""sortname"": ""AZ"", ""name"": ""Azerbaijan""}, {""id"": ""16"", ""sortname"": ""BS"", ""name"": ""Bahamas The""}, {""id"": ""17"", ""sortname"": ""BH"", ""name"": ""Bahrain""}, {""id"": ""18"", ""sortname"": ""BD"", ""name"": ""Bangladesh""}, {""id"": ""19"", ""sortname"": ""BB"", ""name"": ""Barbados""}, {""id"": ""20"", ""sortname"": ""BY"", ""name"": ""Belarus""}, {""id"": ""21"", ""sortname"": ""BE"", ""name"": ""Belgium""}, {""id"": ""22"", ""sortname"": ""BZ"", ""name"": ""Belize""}, {""id"": ""23"", ""sortname"": ""BJ"", ""name"": ""Benin""}, {""id"": ""24"", ""sortname"": ""BM"", ""name"": ""Bermuda""}, {""id"": ""25"", ""sortname"": ""BT"", ""name"": ""Bhutan""}, {""id"": ""26"", ""sortname"": ""BO"", ""name"": ""Bolivia""}, {""id"": ""27"", ""sortname"": ""BA"", ""name"": ""Bosnia and Herzegovina""}, {""id"": ""28"", ""sortname"": ""BW"", ""name"": ""Botswana""}, {""id"": ""29"", ""sortname"": ""BV"", ""name"": ""Bouvet Island""}, {""id"": ""30"", ""sortname"": ""BR"", ""name"": ""Brazil""}, {""id"": ""31"", ""sortname"": ""IO"", ""name"": ""British Indian Ocean Territory""}, {""id"": ""32"", ""sortname"": ""BN"", ""name"": ""Brunei""}, {""id"": ""33"", ""sortname"": ""BG"", ""name"": ""Bulgaria""}, {""id"": ""34"", ""sortname"": ""BF"", ""name"": ""Burkina Faso""}, {""id"": ""35"", ""sortname"": ""BI"", ""name"": ""Burundi""}, {""id"": ""36"", ""sortname"": ""KH"", ""name"": ""Cambodia""}, {""id"": ""37"", ""sortname"": ""CM"", ""name"": ""Cameroon""}, {""id"": ""38"", ""sortname"": ""CA"", ""name"": ""Canada""}, {""id"": ""39"", ""sortname"": ""CV"", ""name"": ""Cape Verde""}, {""id"": ""40"", ""sortname"": ""KY"", ""name"": ""Cayman Islands""}, {""id"": ""41"", ""sortname"": ""CF"", ""name"": ""Central African Republic""}, {""id"": ""42"", ""sortname"": ""TD"", ""name"": ""Chad""}, {""id"": ""43"", ""sortname"": ""CL"", ""name"": ""Chile""}, {""id"": ""44"", ""sortname"": ""CN"", ""name"": ""China""}, {""id"": ""45"", ""sortname"": ""CX"", ""name"": ""Christmas Island""}, {""id"": ""46"", ""sortname"": ""CC"", ""name"": ""Cocos (Keeling) Islands""}, {""id"": ""47"", ""sortname"": ""CO"", ""name"": ""Colombia""}, {""id"": ""48"", ""sortname"": ""KM"", ""name"": ""Comoros""}, {""id"": ""49"", ""sortname"": ""CG"", ""name"": ""Congo""}, {""id"": ""50"", ""sortname"": ""CD"", ""name"": ""Congo The Democratic Republic Of The""}, {""id"": ""51"", ""sortname"": ""CK"", ""name"": ""Cook Islands""}, {""id"": ""52"", ""sortname"": ""CR"", ""name"": ""Costa Rica""}, {""id"": ""53"", ""sortname"": ""CI"", ""name"": ""Cote D\'\'Ivoire (Ivory Coast)""}, {""id"": ""54"", ""sortname"": ""HR"", ""name"": ""Croatia (Hrvatska)""}, {""id"": ""55"", ""sortname"": ""CU"", ""name"": ""Cuba""}, {""id"": ""56"", ""sortname"": ""CY"", ""name"": ""Cyprus""}, {""id"": ""57"", ""sortname"": ""CZ"", ""name"": ""Czech Republic""}, {""id"": ""58"", ""sortname"": ""DK"", ""name"": ""Denmark""}, {""id"": ""59"", ""sortname"": ""DJ"", ""name"": ""Djibouti""}, {""id"": ""60"", ""sortname"": ""DM"", ""name"": ""Dominica""}, {""id"": ""61"", ""sortname"": ""DO"", ""name"": ""Dominican Republic""}, {""id"": ""62"", ""sortname"": ""TP"", ""name"": ""East Timor""}, {""id"": ""63"", ""sortname"": ""EC"", ""name"": ""Ecuador""}, {""id"": ""64"", ""sortname"": ""EG"", ""name"": ""Egypt""}, {""id"": ""65"", ""sortname"": ""SV"", ""name"": ""El Salvador""}, {""id"": ""66"", ""sortname"": ""GQ"", ""name"": ""Equatorial Guinea""}, {""id"": ""67"", ""sortname"": ""ER"", ""name"": ""Eritrea""}, {""id"": ""68"", ""sortname"": ""EE"", ""name"": ""Estonia""}, {""id"": ""69"", ""sortname"": ""ET"", ""name"": ""Ethiopia""}, {""id"": ""70"", ""sortname"": ""XA"", ""name"": ""External Territories of Australia""}, {""id"": ""71"", ""sortname"": ""FK"", ""name"": ""Falkland Islands""}, {""id"": ""72"", ""sortname"": ""FO"", ""name"": ""Faroe Islands""}, {""id"": ""73"", ""sortname"": ""FJ"", ""name"": ""Fiji Islands""}, {""id"": ""74"", ""sortname"": ""FI"", ""name"": ""Finland""}, {""id"": ""75"", ""sortname"": ""FR"", ""name"": ""France""}, {""id"": ""76"", ""sortname"": ""GF"", ""name"": ""French Guiana""}, {""id"": ""77"", ""sortname"": ""PF"", ""name"": ""French Polynesia""}, {""id"": ""78"", ""sortname"": ""TF"", ""name"": ""French Southern Territories""}, {""id"": ""79"", ""sortname"": ""GA"", ""name"": ""Gabon""}, {""id"": ""80"", ""sortname"": ""GM"", ""name"": ""Gambia The""}, {""id"": ""81"", ""sortname"": ""GE"", ""name"": ""Georgia""}, {""id"": ""82"", ""sortname"": ""DE"", ""name"": ""Germany""}, {""id"": ""83"", ""sortname"": ""GH"", ""name"": ""Ghana""}, {""id"": ""84"", ""sortname"": ""GI"", ""name"": ""Gibraltar""}, {""id"": ""85"", ""sortname"": ""GR"", ""name"": ""Greece""}, {""id"": ""86"", ""sortname"": ""GL"", ""name"": ""Greenland""}, {""id"": ""87"", ""sortname"": ""GD"", ""name"": ""Grenada""}, {""id"": ""88"", ""sortname"": ""GP"", ""name"": ""Guadeloupe""}, {""id"": ""89"", ""sortname"": ""GU"", ""name"": ""Guam""}, {""id"": ""90"", ""sortname"": ""GT"", ""name"": ""Guatemala""}, {""id"": ""91"", ""sortname"": ""XU"", ""name"": ""Guernsey and Alderney""}, {""id"": ""92"", ""sortname"": ""GN"", ""name"": ""Guinea""}, {""id"": ""93"", ""sortname"": ""GW"", ""name"": ""Guinea-Bissau""}, {""id"": ""94"", ""sortname"": ""GY"", ""name"": ""Guyana""}, {""id"": ""95"", ""sortname"": ""HT"", ""name"": ""Haiti""}, {""id"": ""96"", ""sortname"": ""HM"", ""name"": ""Heard and McDonald Islands""}, {""id"": ""97"", ""sortname"": ""HN"", ""name"": ""Honduras""}, {""id"": ""98"", ""sortname"": ""HK"", ""name"": ""Hong Kong S.A.R.""}, {""id"": ""99"", ""sortname"": ""HU"", ""name"": ""Hungary""}, {""id"": ""100"", ""sortname"": ""IS"", ""name"": ""Iceland""}, {""id"": ""101"", ""sortname"": ""IN"", ""name"": ""India""}, {""id"": ""102"", ""sortname"": ""ID"", ""name"": ""Indonesia""}, {""id"": ""103"", ""sortname"": ""IR"", ""name"": ""Iran""}, {""id"": ""104"", ""sortname"": ""IQ"", ""name"": ""Iraq""}, {""id"": ""105"", ""sortname"": ""IE"", ""name"": ""Ireland""}, {""id"": ""106"", ""sortname"": ""IL"", ""name"": ""Israel""}, {""id"": ""107"", ""sortname"": ""IT"", ""name"": ""Italy""}, {""id"": ""108"", ""sortname"": ""JM"", ""name"": ""Jamaica""}, {""id"": ""109"", ""sortname"": ""JP"", ""name"": ""Japan""}, {""id"": ""110"", ""sortname"": ""XJ"", ""name"": ""Jersey""}, {""id"": ""111"", ""sortname"": ""JO"", ""name"": ""Jordan""}, {""id"": ""112"", ""sortname"": ""KZ"", ""name"": ""Kazakhstan""}, {""id"": ""113"", ""sortname"": ""KE"", ""name"": ""Kenya""}, {""id"": ""114"", ""sortname"": ""KI"", ""name"": ""Kiribati""}, {""id"": ""115"", ""sortname"": ""KP"", ""name"": ""Korea North""}, {""id"": ""116"", ""sortname"": ""KR"", ""name"": ""Korea South""}, {""id"": ""117"", ""sortname"": ""KW"", ""name"": ""Kuwait""}, {""id"": ""118"", ""sortname"": ""KG"", ""name"": ""Kyrgyzstan""}, {""id"": ""119"", ""sortname"": ""LA"", ""name"": ""Laos""}, {""id"": ""120"", ""sortname"": ""LV"", ""name"": ""Latvia""}, {""id"": ""121"", ""sortname"": ""LB"", ""name"": ""Lebanon""}, {""id"": ""122"", ""sortname"": ""LS"", ""name"": ""Lesotho""}, {""id"": ""123"", ""sortname"": ""LR"", ""name"": ""Liberia""}, {""id"": ""124"", ""sortname"": ""LY"", ""name"": ""Libya""}, {""id"": ""125"", ""sortname"": ""LI"", ""name"": ""Liechtenstein""}, {""id"": ""126"", ""sortname"": ""LT"", ""name"": ""Lithuania""}, {""id"": ""127"", ""sortname"": ""LU"", ""name"": ""Luxembourg""}, {""id"": ""128"", ""sortname"": ""MO"", ""name"": ""Macau S.A.R.""}, {""id"": ""129"", ""sortname"": ""MK"", ""name"": ""Macedonia""}, {""id"": ""130"", ""sortname"": ""MG"", ""name"": ""Madagascar""}, {""id"": ""131"", ""sortname"": ""MW"", ""name"": ""Malawi""}, {""id"": ""132"", ""sortname"": ""MY"", ""name"": ""Malaysia""}, {""id"": ""133"", ""sortname"": ""MV"", ""name"": ""Maldives""}, {""id"": ""134"", ""sortname"": ""ML"", ""name"": ""Mali""}, {""id"": ""135"", ""sortname"": ""MT"", ""name"": ""Malta""}, {""id"": ""136"", ""sortname"": ""XM"", ""name"": ""Man (Isle of)""}, {""id"": ""137"", ""sortname"": ""MH"", ""name"": ""Marshall Islands""}, {""id"": ""138"", ""sortname"": ""MQ"", ""name"": ""Martinique""}, {""id"": ""139"", ""sortname"": ""MR"", ""name"": ""Mauritania""}, {""id"": ""140"", ""sortname"": ""MU"", ""name"": ""Mauritius""}, {""id"": ""141"", ""sortname"": ""YT"", ""name"": ""Mayotte""}, {""id"": ""142"", ""sortname"": ""MX"", ""name"": ""Mexico""}, {""id"": ""143"", ""sortname"": ""FM"", ""name"": ""Micronesia""}, {""id"": ""144"", ""sortname"": ""MD"", ""name"": ""Moldova""}, {""id"": ""145"", ""sortname"": ""MC"", ""name"": ""Monaco""}, {""id"": ""146"", ""sortname"": ""MN"", ""name"": ""Mongolia""}, {""id"": ""147"", ""sortname"": ""MS"", ""name"": ""Montserrat""}, {""id"": ""148"", ""sortname"": ""MA"", ""name"": ""Morocco""}, {""id"": ""149"", ""sortname"": ""MZ"", ""name"": ""Mozambique""}, {""id"": ""150"", ""sortname"": ""MM"", ""name"": ""Myanmar""}, {""id"": ""151"", ""sortname"": ""NA"", ""name"": ""Namibia""}, {""id"": ""152"", ""sortname"": ""NR"", ""name"": ""Nauru""}, {""id"": ""153"", ""sortname"": ""NP"", ""name"": ""Nepal""}, {""id"": ""154"", ""sortname"": ""AN"", ""name"": ""Netherlands Antilles""}, {""id"": ""155"", ""sortname"": ""NL"", ""name"": ""Netherlands The""}, {""id"": ""156"", ""sortname"": ""NC"", ""name"": ""New Caledonia""}, {""id"": ""157"", ""sortname"": ""NZ"", ""name"": ""New Zealand""}, {""id"": ""158"", ""sortname"": ""NI"", ""name"": ""Nicaragua""}, {""id"": ""159"", ""sortname"": ""NE"", ""name"": ""Niger""}, {""id"": ""160"", ""sortname"": ""NG"", ""name"": ""Nigeria""}, {""id"": ""161"", ""sortname"": ""NU"", ""name"": ""Niue""}, {""id"": ""162"", ""sortname"": ""NF"", ""name"": ""Norfolk Island""}, {""id"": ""163"", ""sortname"": ""MP"", ""name"": ""Northern Mariana Islands""}, {""id"": ""164"", ""sortname"": ""NO"", ""name"": ""Norway""}, {""id"": ""165"", ""sortname"": ""OM"", ""name"": ""Oman""}, {""id"": ""166"", ""sortname"": ""PK"", ""name"": ""Pakistan""}, {""id"": ""167"", ""sortname"": ""PW"", ""name"": ""Palau""}, {""id"": ""168"", ""sortname"": ""PS"", ""name"": ""Palestinian Territory Occupied""}, {""id"": ""169"", ""sortname"": ""PA"", ""name"": ""Panama""}, {""id"": ""170"", ""sortname"": ""PG"", ""name"": ""Papua new Guinea""}, {""id"": ""171"", ""sortname"": ""PY"", ""name"": ""Paraguay""}, {""id"": ""172"", ""sortname"": ""PE"", ""name"": ""Peru""}, {""id"": ""173"", ""sortname"": ""PH"", ""name"": ""Philippines""}, {""id"": ""174"", ""sortname"": ""PN"", ""name"": ""Pitcairn Island""}, {""id"": ""175"", ""sortname"": ""PL"", ""name"": ""Poland""}, {""id"": ""176"", ""sortname"": ""PT"", ""name"": ""Portugal""}, {""id"": ""177"", ""sortname"": ""PR"", ""name"": ""Puerto Rico""}, {""id"": ""178"", ""sortname"": ""QA"", ""name"": ""Qatar""}, {""id"": ""179"", ""sortname"": ""RE"", ""name"": ""Reunion""}, {""id"": ""180"", ""sortname"": ""RO"", ""name"": ""Romania""}, {""id"": ""181"", ""sortname"": ""RU"", ""name"": ""Russia""}, {""id"": ""182"", ""sortname"": ""RW"", ""name"": ""Rwanda""}, {""id"": ""183"", ""sortname"": ""SH"", ""name"": ""Saint Helena""}, {""id"": ""184"", ""sortname"": ""KN"", ""name"": ""Saint Kitts And Nevis""}, {""id"": ""185"", ""sortname"": ""LC"", ""name"": ""Saint Lucia""}, {""id"": ""186"", ""sortname"": ""PM"", ""name"": ""Saint Pierre and Miquelon""}, {""id"": ""187"", ""sortname"": ""VC"", ""name"": ""Saint Vincent And The Grenadines""}, {""id"": ""188"", ""sortname"": ""WS"", ""name"": ""Samoa""}, {""id"": ""189"", ""sortname"": ""SM"", ""name"": ""San Marino""}, {""id"": ""190"", ""sortname"": ""ST"", ""name"": ""Sao Tome and Principe""}, {""id"": ""191"", ""sortname"": ""SA"", ""name"": ""Saudi Arabia""}, {""id"": ""192"", ""sortname"": ""SN"", ""name"": ""Senegal""}, {""id"": ""193"", ""sortname"": ""RS"", ""name"": ""Serbia""}, {""id"": ""194"", ""sortname"": ""SC"", ""name"": ""Seychelles""}, {""id"": ""195"", ""sortname"": ""SL"", ""name"": ""Sierra Leone""}, {""id"": ""196"", ""sortname"": ""SG"", ""name"": ""Singapore""}, {""id"": ""197"", ""sortname"": ""SK"", ""name"": ""Slovakia""}, {""id"": ""198"", ""sortname"": ""SI"", ""name"": ""Slovenia""}, {""id"": ""199"", ""sortname"": ""XG"", ""name"": ""Smaller Territories of the UK""}, {""id"": ""200"", ""sortname"": ""SB"", ""name"": ""Solomon Islands""}, {""id"": ""201"", ""sortname"": ""SO"", ""name"": ""Somalia""}, {""id"": ""202"", ""sortname"": ""ZA"", ""name"": ""South Africa""}, {""id"": ""203"", ""sortname"": ""GS"", ""name"": ""South Georgia""}, {""id"": ""204"", ""sortname"": ""SS"", ""name"": ""South Sudan""}, {""id"": ""205"", ""sortname"": ""ES"", ""name"": ""Spain""}, {""id"": ""206"", ""sortname"": ""LK"", ""name"": ""Sri Lanka""}, {""id"": ""207"", ""sortname"": ""SD"", ""name"": ""Sudan""}, {""id"": ""208"", ""sortname"": ""SR"", ""name"": ""Suriname""}, {""id"": ""209"", ""sortname"": ""SJ"", ""name"": ""Svalbard And Jan Mayen Islands""}, {""id"": ""210"", ""sortname"": ""SZ"", ""name"": ""Swaziland""}, {""id"": ""211"", ""sortname"": ""SE"", ""name"": ""Sweden""}, {""id"": ""212"", ""sortname"": ""CH"", ""name"": ""Switzerland""}, {""id"": ""213"", ""sortname"": ""SY"", ""name"": ""Syria""}, {""id"": ""214"", ""sortname"": ""TW"", ""name"": ""Taiwan""}, {""id"": ""215"", ""sortname"": ""TJ"", ""name"": ""Tajikistan""}, {""id"": ""216"", ""sortname"": ""TZ"", ""name"": ""Tanzania""}, {""id"": ""217"", ""sortname"": ""TH"", ""name"": ""Thailand""}, {""id"": ""218"", ""sortname"": ""TG"", ""name"": ""Togo""}, {""id"": ""219"", ""sortname"": ""TK"", ""name"": ""Tokelau""}, {""id"": ""220"", ""sortname"": ""TO"", ""name"": ""Tonga""}, {""id"": ""221"", ""sortname"": ""TT"", ""name"": ""Trinidad And Tobago""}, {""id"": ""222"", ""sortname"": ""TN"", ""name"": ""Tunisia""}, {""id"": ""223"", ""sortname"": ""TR"", ""name"": ""Turkey""}, {""id"": ""224"", ""sortname"": ""TM"", ""name"": ""Turkmenistan""}, {""id"": ""225"", ""sortname"": ""TC"", ""name"": ""Turks And Caicos Islands""}, {""id"": ""226"", ""sortname"": ""TV"", ""name"": ""Tuvalu""}, {""id"": ""227"", ""sortname"": ""UG"", ""name"": ""Uganda""}, {""id"": ""228"", ""sortname"": ""UA"", ""name"": ""Ukraine""}, {""id"": ""229"", ""sortname"": ""AE"", ""name"": ""United Arab Emirates""}, {""id"": ""230"", ""sortname"": ""GB"", ""name"": ""United Kingdom""}, {""id"": ""231"", ""sortname"": ""US"", ""name"": ""United States""}, {""id"": ""232"", ""sortname"": ""UM"", ""name"": ""United States Minor Outlying Islands""}, {""id"": ""233"", ""sortname"": ""UY"", ""name"": ""Uruguay""}, {""id"": ""234"", ""sortname"": ""UZ"", ""name"": ""Uzbekistan""}, {""id"": ""235"", ""sortname"": ""VU"", ""name"": ""Vanuatu""}, {""id"": ""236"", ""sortname"": ""VA"", ""name"": ""Vatican City State (Holy See)""}, {""id"": ""237"", ""sortname"": ""VE"", ""name"": ""Venezuela""}, {""id"": ""238"", ""sortname"": ""VN"", ""name"": ""Vietnam""}, {""id"": ""239"", ""sortname"": ""VG"", ""name"": ""Virgin Islands (British)""}, {""id"": ""240"", ""sortname"": ""VI"", ""name"": ""Virgin Islands (US)""}, {""id"": ""241"", ""sortname"": ""WF"", ""name"": ""Wallis And Futuna Islands""}, {""id"": ""242"", ""sortname"": ""EH"", ""name"": ""Western Sahara""}, {""id"": ""243"", ""sortname"": ""YE"", ""name"": ""Yemen""}, {""id"": ""244"", ""sortname"": ""YU"", ""name"": ""Yugoslavia""}, {""id"": ""245"", ""sortname"": ""ZM"", ""name"": ""Zambia""}, {""id"": ""246"", ""sortname"": ""ZW"", ""name"": ""Zimbabwe""}]}'"
"'{""cities"": [{""id"": ""1"", ""name"": ""Bombuflat"", ""state_id"": ""1""}, {""id"": ""2"", ""name"": ""Garacharma"", ""state_id"": ""1""}, {""id"": ""3"", ""name"": ""Port Blair"", ""state_id"": ""1""}, {""id"": ""4"", ""name"": ""Rangat"", ""state_id"": ""1""}, {""id"": ""5"", ""name"": ""Addanki"", ""state_id"": ""2""}, {""id"": ""6"", ""name"": ""Adivivaram"", ""state_id"": ""2""}, {""id"": ""7"", ""name"": ""Adoni"", ""state_id"": ""2""}, {""id"": ""8"", ""name"": ""Aganampudi"", ""state_id"": ""2""}, {""id"": ""9"", ""name"": ""Ajjaram"", ""state_id"": ""2""}, {""id"": ""10"", ""name"": ""Akividu"", ""state_id"": ""2""}, {""id"": ""11"", ""name"": ""Akkarampalle"", ""state_id"": ""2""}, {""id"": ""12"", ""name"": ""Akkayapalle"", ""state_id"": ""2""}, {""id"": ""13"", ""name"": ""Akkireddipalem"", ""state_id"": ""2""}, {""id"": ""14"", ""name"": ""Alampur"", ""state_id"": ""2""}, {""id"": ""15"", ""name"": ""Amalapuram"", ""state_id"": ""2""}, {""id"": ""16"", ""name"": ""Amudalavalasa"", ""state_id"": ""2""}, {""id"": ""17"", ""name"": ""Amur"", ""state_id"": ""2""}, {""id"": ""18"", ""name"": ""Anakapalle"", ""state_id"": ""2""}, {""id"": ""19"", ""name"": ""Anantapur"", ""state_id"": ""2""}, {""id"": ""20"", ""name"": ""Andole"", ""state_id"": ""2""}, {""id"": ""21"", ""name"": ""Atmakur"", ""state_id"": ""2""}, {""id"": ""22"", ""name"": ""Attili"", ""state_id"": ""2""}, {""id"": ""23"", ""name"": ""Avanigadda"", ""state_id"": ""2""}, {""id"": ""24"", ""name"": ""Badepalli"", ""state_id"": ""2""}, {""id"": ""25"", ""name"": ""Badvel"", ""state_id"": ""2""}, {""id"": ""26"", ""name"": ""Balapur"", ""state_id"": ""2""}, {""id"": ""27"", ""name"": ""Bandarulanka"", ""state_id"": ""2""}, {""id"": ""28"", ""name"": ""Banganapalle"", ""state_id"": ""2""}, {""id"": ""29"", ""name"": ""Bapatla"", ""state_id"": ""2""}, {""id"": ""30"", ""name"": ""Bapulapadu"", ""state_id"": ""2""}, {""id"": ""31"", ""name"": ""Belampalli"", ""state_id"": ""2""}, {""id"": ""32"", ""name"": ""Bestavaripeta"", ""state_id"": ""2""}, {""id"": ""33"", ""name"": ""Betamcherla"", ""state_id"": ""2""}, {""id"": ""34"", ""name"": ""Bhattiprolu"", ""state_id"": ""2""}, {""id"": ""35"", ""name"": ""Bhimavaram"", ""state_id"": ""2""}, {""id"": ""36"", ""name"": ""Bhimunipatnam"", ""state_id"": ""2""}, {""id"": ""37"", ""name"": ""Bobbili"", ""state_id"": ""2""}, {""id"": ""38"", ""name"": ""Bombuflat"", ""state_id"": ""2""}, {""id"": ""39"", ""name"": ""Bommuru"", ""state_id"": ""2""}, {""id"": ""40"", ""name"": ""Bugganipalle"", ""state_id"": ""2""}, {""id"": ""41"", ""name"": ""Challapalle"", ""state_id"": ""2""}, {""id"": ""42"", ""name"": ""Chandur"", ""state_id"": ""2""}, {""id"": ""43"", ""name"": ""Chatakonda"", ""state_id"": ""2""}, {""id"": ""44"", ""name"": ""Chemmumiahpet"", ""state_id"": ""2""}, {""id"": ""45"", ""name"": ""Chidiga"", ""state_id"": ""2""}, {""id"": ""46"", ""name"": ""Chilakaluripet"", ""state_id"": ""2""}, {""id"": ""47"", ""name"": ""Chimakurthy"", ""state_id"": ""2""}, {""id"": ""48"", ""name"": ""Chinagadila"", ""state_id"": ""2""}, {""id"": ""49"", ""name"": ""Chinagantyada"", ""state_id"": ""2""}, {""id"": ""50"", ""name"": ""Chinnachawk"", ""state_id"": ""2""}, {""id"": ""51"", ""name"": ""Chintalavalasa"", ""state_id"": ""2""}, {""id"": ""52"", ""name"": ""Chipurupalle"", ""state_id"": ""2""}, {""id"": ""53"", ""name"": ""Chirala"", ""state_id"": ""2""}, {""id"": ""54"", ""name"": ""Chittoor"", ""state_id"": ""2""}, {""id"": ""55"", ""name"": ""Chodavaram"", ""state_id"": ""2""}, {""id"": ""56"", ""name"": ""Choutuppal"", ""state_id"": ""2""}, {""id"": ""57"", ""name"": ""Chunchupalle"", ""state_id"": ""2""}, {""id"": ""58"", ""name"": ""Cuddapah"", ""state_id"": ""2""}, {""id"": ""59"", ""name"": ""Cumbum"", ""state_id"": ""2""}, {""id"": ""60"", ""name"": ""Darnakal"", ""state_id"": ""2""}, {""id"": ""61"", ""name"": ""Dasnapur"", ""state_id"": ""2""}, {""id"": ""62"", ""name"": ""Dauleshwaram"", ""state_id"": ""2""}, {""id"": ""63"", ""name"": ""Dharmavaram"", ""state_id"": ""2""}, {""id"": ""64"", ""name"": ""Dhone"", ""state_id"": ""2""}, {""id"": ""65"", ""name"": ""Dommara Nandyal"", ""state_id"": ""2""}, {""id"": ""66"", ""name"": ""Dowlaiswaram"", ""state_id"": ""2""}, {""id"": ""67"", ""name"": ""East Godavari Dist."", ""state_id"": ""2""}, {""id"": ""68"", ""name"": ""Eddumailaram"", ""state_id"": ""2""}, {""id"": ""69"", ""name"": ""Edulapuram"", ""state_id"": ""2""}, {""id"": ""70"", ""name"": ""Ekambara kuppam"", ""state_id"": ""2""}, {""id"": ""71"", ""name"": ""Eluru"", ""state_id"": ""2""}, {""id"": ""72"", ""name"": ""Enikapadu"", ""state_id"": ""2""}, {""id"": ""73"", ""name"": ""Fakirtakya"", ""state_id"": ""2""}, {""id"": ""74"", ""name"": ""Farrukhnagar"", ""state_id"": ""2""}, {""id"": ""75"", ""name"": ""Gaddiannaram"", ""state_id"": ""2""}, {""id"": ""76"", ""name"": ""Gajapathinagaram"", ""state_id"": ""2""}, {""id"": ""77"", ""name"": ""Gajularega"", ""state_id"": ""2""}, {""id"": ""78"", ""name"": ""Gajuvaka"", ""state_id"": ""2""}, {""id"": ""79"", ""name"": ""Gannavaram"", ""state_id"": ""2""}, {""id"": ""80"", ""name"": ""Garacharma"", ""state_id"": ""2""}, {""id"": ""81"", ""name"": ""Garimellapadu"", ""state_id"": ""2""}, {""id"": ""82"", ""name"": ""Giddalur"", ""state_id"": ""2""}, {""id"": ""83"", ""name"": ""Godavarikhani"", ""state_id"": ""2""}, {""id"": ""84"", ""name"": ""Gopalapatnam"", ""state_id"": ""2""}, {""id"": ""85"", ""name"": ""Gopalur"", ""state_id"": ""2""}, {""id"": ""86"", ""name"": ""Gorrekunta"", ""state_id"": ""2""}, {""id"": ""87"", ""name"": ""Gudivada"", ""state_id"": ""2""}, {""id"": ""88"", ""name"": ""Gudur"", ""state_id"": ""2""}, {""id"": ""89"", ""name"": ""Guntakal"", ""state_id"": ""2""}, {""id"": ""90"", ""name"": ""Guntur"", ""state_id"": ""2""}, {""id"": ""91"", ""name"": ""Guti"", ""state_id"": ""2""}, {""id"": ""92"", ""name"": ""Hindupur"", ""state_id"": ""2""}, {""id"": ""93"", ""name"": ""Hukumpeta"", ""state_id"": ""2""}, {""id"": ""94"", ""name"": ""Ichchapuram"", ""state_id"": ""2""}, {""id"": ""95"", ""name"": ""Isnapur"", ""state_id"": ""2""}, {""id"": ""96"", ""name"": ""Jaggayyapeta"", ""state_id"": ""2""}, {""id"": ""97"", ""name"": ""Jallaram Kamanpur"", ""state_id"": ""2""}, {""id"": ""98"", ""name"": ""Jammalamadugu"", ""state_id"": ""2""}, {""id"": ""99"", ""name"": ""Jangampalli"", ""state_id"": ""2""}, {""id"": ""100"", ""name"": ""Jarjapupeta"", ""state_id"": ""2""}, {""id"": ""101"", ""name"": ""Kadiri"", ""state_id"": ""2""}, {""id"": ""102"", ""name"": ""Kaikalur"", ""state_id"": ""2""}, {""id"": ""103"", ""name"": ""Kakinada"", ""state_id"": ""2""}, {""id"": ""104"", ""name"": ""Kallur"", ""state_id"": ""2""}, {""id"": ""105"", ""name"": ""Kalyandurg"", ""state_id"": ""2""}, {""id"": ""106"", ""name"": ""Kamalapuram"", ""state_id"": ""2""}, {""id"": ""107"", ""name"": ""Kamareddi"", ""state_id"": ""2""}, {""id"": ""108"", ""name"": ""Kanapaka"", ""state_id"": ""2""}, {""id"": ""109"", ""name"": ""Kanigiri"", ""state_id"": ""2""}, {""id"": ""110"", ""name"": ""Kanithi"", ""state_id"": ""2""}, {""id"": ""111"", ""name"": ""Kankipadu"", ""state_id"": ""2""}, {""id"": ""112"", ""name"": ""Kantabamsuguda"", ""state_id"": ""2""}, {""id"": ""113"", ""name"": ""Kanuru"", ""state_id"": ""2""}, {""id"": ""114"", ""name"": ""Karnul"", ""state_id"": ""2""}, {""id"": ""115"", ""name"": ""Katheru"", ""state_id"": ""2""}, {""id"": ""116"", ""name"": ""Kavali"", ""state_id"": ""2""}, {""id"": ""117"", ""name"": ""Kazipet"", ""state_id"": ""2""}, {""id"": ""118"", ""name"": ""Khanapuram Haveli"", ""state_id"": ""2""}, {""id"": ""119"", ""name"": ""Kodar"", ""state_id"": ""2""}, {""id"": ""120"", ""name"": ""Kollapur"", ""state_id"": ""2""}, {""id"": ""121"", ""name"": ""Kondapalem"", ""state_id"": ""2""}, {""id"": ""122"", ""name"": ""Kondapalle"", ""state_id"": ""2""}, {""id"": ""123"", ""name"": ""Kondukur"", ""state_id"": ""2""}, {""id"": ""124"", ""name"": ""Kosgi"", ""state_id"": ""2""}, {""id"": ""125"", ""name"": ""Kothavalasa"", ""state_id"": ""2""}, {""id"": ""126"", ""name"": ""Kottapalli"", ""state_id"": ""2""}, {""id"": ""127"", ""name"": ""Kovur"", ""state_id"": ""2""}, {""id"": ""128"", ""name"": ""Kovurpalle"", ""state_id"": ""2""}, {""id"": ""129"", ""name"": ""Kovvur"", ""state_id"": ""2""}, {""id"": ""130"", ""name"": ""Krishna"", ""state_id"": ""2""}, {""id"": ""131"", ""name"": ""Kuppam"", ""state_id"": ""2""}, {""id"": ""132"", ""name"": ""Kurmannapalem"", ""state_id"": ""2""}, {""id"": ""133"", ""name"": ""Kurnool"", ""state_id"": ""2""}, {""id"": ""134"", ""name"": ""Lakshettipet"", ""state_id"": ""2""}, {""id"": ""135"", ""name"": ""Lalbahadur Nagar"", ""state_id"": ""2""}, {""id"": ""136"", ""name"": ""Machavaram"", ""state_id"": ""2""}, {""id"": ""137"", ""name"": ""Macherla"", ""state_id"": ""2""}, {""id"": ""138"", ""name"": ""Machilipatnam"", ""state_id"": ""2""}, {""id"": ""139"", ""name"": ""Madanapalle"", ""state_id"": ""2""}, {""id"": ""140"", ""name"": ""Madaram"", ""state_id"": ""2""}, {""id"": ""141"", ""name"": ""Madhuravada"", ""state_id"": ""2""}, {""id"": ""142"", ""name"": ""Madikonda"", ""state_id"": ""2""}, {""id"": ""143"", ""name"": ""Madugule"", ""state_id"": ""2""}, {""id"": ""144"", ""name"": ""Mahabubnagar"", ""state_id"": ""2""}, {""id"": ""145"", ""name"": ""Mahbubabad"", ""state_id"": ""2""}, {""id"": ""146"", ""name"": ""Malkajgiri"", ""state_id"": ""2""}, {""id"": ""147"", ""name"": ""Mamilapalle"", ""state_id"": ""2""}, {""id"": ""148"", ""name"": ""Mancheral"", ""state_id"": ""2""}, {""id"": ""149"", ""name"": ""Mandapeta"", ""state_id"": ""2""}, {""id"": ""150"", ""name"": ""Mandasa"", ""state_id"": ""2""}, {""id"": ""151"", ""name"": ""Mangalagiri"", ""state_id"": ""2""}, {""id"": ""152"", ""name"": ""Manthani"", ""state_id"": ""2""}, {""id"": ""153"", ""name"": ""Markapur"", ""state_id"": ""2""}, {""id"": ""154"", ""name"": ""Marturu"", ""state_id"": ""2""}, {""id"": ""155"", ""name"": ""Metpalli"", ""state_id"": ""2""}, {""id"": ""156"", ""name"": ""Mindi"", ""state_id"": ""2""}, {""id"": ""157"", ""name"": ""Mirpet"", ""state_id"": ""2""}, {""id"": ""158"", ""name"": ""Moragudi"", ""state_id"": ""2""}, {""id"": ""159"", ""name"": ""Mothugudam"", ""state_id"": ""2""}, {""id"": ""160"", ""name"": ""Nagari"", ""state_id"": ""2""}, {""id"": ""161"", ""name"": ""Nagireddipalle"", ""state_id"": ""2""}, {""id"": ""162"", ""name"": ""Nandigama"", ""state_id"": ""2""}, {""id"": ""163"", ""name"": ""Nandikotkur"", ""state_id"": ""2""}, {""id"": ""164"", ""name"": ""Nandyal"", ""state_id"": ""2""}, {""id"": ""165"", ""name"": ""Narasannapeta"", ""state_id"": ""2""}, {""id"": ""166"", ""name"": ""Narasapur"", ""state_id"": ""2""}, {""id"": ""167"", ""name"": ""Narasaraopet"", ""state_id"": ""2""}, {""id"": ""168"", ""name"": ""Narayanavanam"", ""state_id"": ""2""}, {""id"": ""169"", ""name"": ""Narsapur"", ""state_id"": ""2""}, {""id"": ""170"", ""name"": ""Narsingi"", ""state_id"": ""2""}, {""id"": ""171"", ""name"": ""Narsipatnam"", ""state_id"": ""2""}, {""id"": ""172"", ""name"": ""Naspur"", ""state_id"": ""2""}, {""id"": ""173"", ""name"": ""Nathayyapalem"", ""state_id"": ""2""}, {""id"": ""174"", ""name"": ""Nayudupeta"", ""state_id"": ""2""}, {""id"": ""175"", ""name"": ""Nelimaria"", ""state_id"": ""2""}, {""id"": ""176"", ""name"": ""Nellore"", ""state_id"": ""2""}, {""id"": ""177"", ""name"": ""Nidadavole"", ""state_id"": ""2""}, {""id"": ""178"", ""name"": ""Nuzvid"", ""state_id"": ""2""}, {""id"": ""179"", ""name"": ""Omerkhan daira"", ""state_id"": ""2""}, {""id"": ""180"", ""name"": ""Ongole"", ""state_id"": ""2""}, {""id"": ""181"", ""name"": ""Osmania University"", ""state_id"": ""2""}, {""id"": ""182"", ""name"": ""Pakala"", ""state_id"": ""2""}, {""id"": ""183"", ""name"": ""Palakole"", ""state_id"": ""2""}, {""id"": ""184"", ""name"": ""Palakurthi"", ""state_id"": ""2""}, {""id"": ""185"", ""name"": ""Palasa"", ""state_id"": ""2""}, {""id"": ""186"", ""name"": ""Palempalle"", ""state_id"": ""2""}, {""id"": ""187"", ""name"": ""Palkonda"", ""state_id"": ""2""}, {""id"": ""188"", ""name"": ""Palmaner"", ""state_id"": ""2""}, {""id"": ""189"", ""name"": ""Pamur"", ""state_id"": ""2""}, {""id"": ""190"", ""name"": ""Panjim"", ""state_id"": ""2""}, {""id"": ""191"", ""name"": ""Papampeta"", ""state_id"": ""2""}, {""id"": ""192"", ""name"": ""Parasamba"", ""state_id"": ""2""}, {""id"": ""193"", ""name"": ""Parvatipuram"", ""state_id"": ""2""}, {""id"": ""194"", ""name"": ""Patancheru"", ""state_id"": ""2""}, {""id"": ""195"", ""name"": ""Payakaraopet"", ""state_id"": ""2""}, {""id"": ""196"", ""name"": ""Pedagantyada"", ""state_id"": ""2""}, {""id"": ""197"", ""name"": ""Pedana"", ""state_id"": ""2""}, {""id"": ""198"", ""name"": ""Peddapuram"", ""state_id"": ""2""}, {""id"": ""199"", ""name"": ""Pendurthi"", ""state_id"": ""2""}, {""id"": ""200"", ""name"": ""Penugonda"", ""state_id"": ""2""}, {""id"": ""201"", ""name"": ""Penukonda"", ""state_id"": ""2""}, {""id"": ""202"", ""name"": ""Phirangipuram"", ""state_id"": ""2""}, {""id"": ""203"", ""name"": ""Pithapuram"", ""state_id"": ""2""}, {""id"": ""204"", ""name"": ""Ponnur"", ""state_id"": ""2""}, {""id"": ""205"", ""name"": ""Port Blair"", ""state_id"": ""2""}, {""id"": ""206"", ""name"": ""Pothinamallayyapalem"", ""state_id"": ""2""}, {""id"": ""207"", ""name"": ""Prakasam"", ""state_id"": ""2""}, {""id"": ""208"", ""name"": ""Prasadampadu"", ""state_id"": ""2""}, {""id"": ""209"", ""name"": ""Prasantinilayam"", ""state_id"": ""2""}, {""id"": ""210"", ""name"": ""Proddatur"", ""state_id"": ""2""}, {""id"": ""211"", ""name"": ""Pulivendla"", ""state_id"": ""2""}, {""id"": ""212"", ""name"": ""Punganuru"", ""state_id"": ""2""}, {""id"": ""213"", ""name"": ""Puttur"", ""state_id"": ""2""}, {""id"": ""214"", ""name"": ""Qutubullapur"", ""state_id"": ""2""}, {""id"": ""215"", ""name"": ""Rajahmundry"", ""state_id"": ""2""}, {""id"": ""216"", ""name"": ""Rajamahendri"", ""state_id"": ""2""}, {""id"": ""217"", ""name"": ""Rajampet"", ""state_id"": ""2""}, {""id"": ""218"", ""name"": ""Rajendranagar"", ""state_id"": ""2""}, {""id"": ""219"", ""name"": ""Rajoli"", ""state_id"": ""2""}, {""id"": ""220"", ""name"": ""Ramachandrapuram"", ""state_id"": ""2""}, {""id"": ""221"", ""name"": ""Ramanayyapeta"", ""state_id"": ""2""}, {""id"": ""222"", ""name"": ""Ramapuram"", ""state_id"": ""2""}, {""id"": ""223"", ""name"": ""Ramarajupalli"", ""state_id"": ""2""}, {""id"": ""224"", ""name"": ""Ramavarappadu"", ""state_id"": ""2""}, {""id"": ""225"", ""name"": ""Rameswaram"", ""state_id"": ""2""}, {""id"": ""226"", ""name"": ""Rampachodavaram"", ""state_id"": ""2""}, {""id"": ""227"", ""name"": ""Ravulapalam"", ""state_id"": ""2""}, {""id"": ""228"", ""name"": ""Rayachoti"", ""state_id"": ""2""}, {""id"": ""229"", ""name"": ""Rayadrug"", ""state_id"": ""2""}, {""id"": ""230"", ""name"": ""Razam"", ""state_id"": ""2""}, {""id"": ""231"", ""name"": ""Razole"", ""state_id"": ""2""}, {""id"": ""232"", ""name"": ""Renigunta"", ""state_id"": ""2""}, {""id"": ""233"", ""name"": ""Repalle"", ""state_id"": ""2""}, {""id"": ""234"", ""name"": ""Rishikonda"", ""state_id"": ""2""}, {""id"": ""235"", ""name"": ""Salur"", ""state_id"": ""2""}, {""id"": ""236"", ""name"": ""Samalkot"", ""state_id"": ""2""}, {""id"": ""237"", ""name"": ""Sattenapalle"", ""state_id"": ""2""}, {""id"": ""238"", ""name"": ""Seetharampuram"", ""state_id"": ""2""}, {""id"": ""239"", ""name"": ""Serilungampalle"", ""state_id"": ""2""}, {""id"": ""240"", ""name"": ""Shankarampet"", ""state_id"": ""2""}, {""id"": ""241"", ""name"": ""Shar"", ""state_id"": ""2""}, {""id"": ""242"", ""name"": ""Singarayakonda"", ""state_id"": ""2""}, {""id"": ""243"", ""name"": ""Sirpur"", ""state_id"": ""2""}, {""id"": ""244"", ""name"": ""Sirsilla"", ""state_id"": ""2""}, {""id"": ""245"", ""name"": ""Sompeta"", ""state_id"": ""2""}, {""id"": ""246"", ""name"": ""Sriharikota"", ""state_id"": ""2""}, {""id"": ""247"", ""name"": ""Srikakulam"", ""state_id"": ""2""}, {""id"": ""248"", ""name"": ""Srikalahasti"", ""state_id"": ""2""}, {""id"": ""249"", ""name"": ""Sriramnagar"", ""state_id"": ""2""}, {""id"": ""250"", ""name"": ""Sriramsagar"", ""state_id"": ""2""}, {""id"": ""251"", ""name"": ""Srisailam"", ""state_id"": ""2""}, {""id"": ""252"", ""name"": ""Srisailamgudem Devasthanam"", ""state_id"": ""2""}, {""id"": ""253"", ""name"": ""Sulurpeta"", ""state_id"": ""2""}, {""id"": ""254"", ""name"": ""Suriapet"", ""state_id"": ""2""}, {""id"": ""255"", ""name"": ""Suryaraopet"", ""state_id"": ""2""}, {""id"": ""256"", ""name"": ""Tadepalle"", ""state_id"": ""2""}, {""id"": ""257"", ""name"": ""Tadepalligudem"", ""state_id"": ""2""}, {""id"": ""258"", ""name"": ""Tadpatri"", ""state_id"": ""2""}, {""id"": ""259"", ""name"": ""Tallapalle"", ""state_id"": ""2""}, {""id"": ""260"", ""name"": ""Tanuku"", ""state_id"": ""2""}, {""id"": ""261"", ""name"": ""Tekkali"", ""state_id"": ""2""}, {""id"": ""262"", ""name"": ""Tenali"", ""state_id"": ""2""}, {""id"": ""263"", ""name"": ""Tigalapahad"", ""state_id"": ""2""}, {""id"": ""264"", ""name"": ""Tiruchanur"", ""state_id"": ""2""}, {""id"": ""265"", ""name"": ""Tirumala"", ""state_id"": ""2""}, {""id"": ""266"", ""name"": ""Tirupati"", ""state_id"": ""2""}, {""id"": ""267"", ""name"": ""Tirvuru"", ""state_id"": ""2""}, {""id"": ""268"", ""name"": ""Trimulgherry"", ""state_id"": ""2""}, {""id"": ""269"", ""name"": ""Tuni"", ""state_id"": ""2""}, {""id"": ""270"", ""name"": ""Turangi"", ""state_id"": ""2""}, {""id"": ""271"", ""name"": ""Ukkayapalli"", ""state_id"": ""2""}, {""id"": ""272"", ""name"": ""Ukkunagaram"", ""state_id"": ""2""}, {""id"": ""273"", ""name"": ""Uppal Kalan"", ""state_id"": ""2""}, {""id"": ""274"", ""name"": ""Upper Sileru"", ""state_id"": ""2""}, {""id"": ""275"", ""name"": ""Uravakonda"", ""state_id"": ""2""}, {""id"": ""276"", ""name"": ""Vadlapudi"", ""state_id"": ""2""}, {""id"": ""277"", ""name"": ""Vaparala"", ""state_id"": ""2""}, {""id"": ""278"", ""name"": ""Vemalwada"", ""state_id"": ""2""}, {""id"": ""279"", ""name"": ""Venkatagiri"", ""state_id"": ""2""}, {""id"": ""280"", ""name"": ""Venkatapuram"", ""state_id"": ""2""}, {""id"": ""281"", ""name"": ""Vepagunta"", ""state_id"": ""2""}, {""id"": ""282"", ""name"": ""Vetapalem"", ""state_id"": ""2""}, {""id"": ""283"", ""name"": ""Vijayapuri"", ""state_id"": ""2""}, {""id"": ""284"", ""name"": ""Vijayapuri South"", ""state_id"": ""2""}, {""id"": ""285"", ""name"": ""Vijayawada"", ""state_id"": ""2""}, {""id"": ""286"", ""name"": ""Vinukonda"", ""state_id"": ""2""}, {""id"": ""287"", ""name"": ""Visakhapatnam"", ""state_id"": ""2""}, {""id"": ""288"", ""name"": ""Vizianagaram"", ""state_id"": ""2""}, {""id"": ""289"", ""name"": ""Vuyyuru"", ""state_id"": ""2""}, {""id"": ""290"", ""name"": ""Wanparti"", ""state_id"": ""2""}, {""id"": ""291"", ""name"": ""West Godavari Dist."", ""state_id"": ""2""}, {""id"": ""292"", ""name"": ""Yadagirigutta"", ""state_id"": ""2""}, {""id"": ""293"", ""name"": ""Yarada"", ""state_id"": ""2""}, {""id"": ""294"", ""name"": ""Yellamanchili"", ""state_id"": ""2""}, {""id"": ""295"", ""name"": ""Yemmiganur"", ""state_id"": ""2""}, {""id"": ""296"", ""name"": ""Yenamalakudru"", ""state_id"": ""2""}, {""id"": ""297"", ""name"": ""Yendada"", ""state_id"": ""2""}, {""id"": ""298"", ""name"": ""Yerraguntla"", ""state_id"": ""2""}, {""id"": ""299"", ""name"": ""Along"", ""state_id"": ""3""}, {""id"": ""300"", ""name"": ""Basar"", ""state_id"": ""3""}, {""id"": ""301"", ""name"": ""Bondila"", ""state_id"": ""3""}, {""id"": ""302"", ""name"": ""Changlang"", ""state_id"": ""3""}, {""id"": ""303"", ""name"": ""Daporijo"", ""state_id"": ""3""}, {""id"": ""304"", ""name"": ""Deomali"", ""state_id"": ""3""}, {""id"": ""305"", ""name"": ""Itanagar"", ""state_id"": ""3""}, {""id"": ""306"", ""name"": ""Jairampur"", ""state_id"": ""3""}, {""id"": ""307"", ""name"": ""Khonsa"", ""state_id"": ""3""}, {""id"": ""308"", ""name"": ""Naharlagun"", ""state_id"": ""3""}, {""id"": ""309"", ""name"": ""Namsai"", ""state_id"": ""3""}, {""id"": ""310"", ""name"": ""Pasighat"", ""state_id"": ""3""}, {""id"": ""311"", ""name"": ""Roing"", ""state_id"": ""3""}, {""id"": ""312"", ""name"": ""Seppa"", ""state_id"": ""3""}, {""id"": ""313"", ""name"": ""Tawang"", ""state_id"": ""3""}, {""id"": ""314"", ""name"": ""Tezu"", ""state_id"": ""3""}, {""id"": ""315"", ""name"": ""Ziro"", ""state_id"": ""3""}, {""id"": ""316"", ""name"": ""Abhayapuri"", ""state_id"": ""4""}, {""id"": ""317"", ""name"": ""Ambikapur"", ""state_id"": ""4""}, {""id"": ""318"", ""name"": ""Amguri"", ""state_id"": ""4""}, {""id"": ""319"", ""name"": ""Anand Nagar"", ""state_id"": ""4""}, {""id"": ""320"", ""name"": ""Badarpur"", ""state_id"": ""4""}, {""id"": ""321"", ""name"": ""Badarpur Railway Town"", ""state_id"": ""4""}, {""id"": ""322"", ""name"": ""Bahbari Gaon"", ""state_id"": ""4""}, {""id"": ""323"", ""name"": ""Bamun Sualkuchi"", ""state_id"": ""4""}, {""id"": ""324"", ""name"": ""Barbari"", ""state_id"": ""4""}, {""id"": ""325"", ""name"": ""Barpathar"", ""state_id"": ""4""}, {""id"": ""326"", ""name"": ""Barpeta"", ""state_id"": ""4""}, {""id"": ""327"", ""name"": ""Barpeta Road"", ""state_id"": ""4""}, {""id"": ""328"", ""name"": ""Basugaon"", ""state_id"": ""4""}, {""id"": ""329"", ""name"": ""Bihpuria"", ""state_id"": ""4""}, {""id"": ""330"", ""name"": ""Bijni"", ""state_id"": ""4""}, {""id"": ""331"", ""name"": ""Bilasipara"", ""state_id"": ""4""}, {""id"": ""332"", ""name"": ""Biswanath Chariali"", ""state_id"": ""4""}, {""id"": ""333"", ""name"": ""Bohori"", ""state_id"": ""4""}, {""id"": ""334"", ""name"": ""Bokajan"", ""state_id"": ""4""}, {""id"": ""335"", ""name"": ""Bokokhat"", ""state_id"": ""4""}, {""id"": ""336"", ""name"": ""Bongaigaon"", ""state_id"": ""4""}, {""id"": ""337"", ""name"": ""Bongaigaon Petro-chemical Town"", ""state_id"": ""4""}, {""id"": ""338"", ""name"": ""Borgolai"", ""state_id"": ""4""}, {""id"": ""339"", ""name"": ""Chabua"", ""state_id"": ""4""}, {""id"": ""340"", ""name"": ""Chandrapur Bagicha"", ""state_id"": ""4""}, {""id"": ""341"", ""name"": ""Chapar"", ""state_id"": ""4""}, {""id"": ""342"", ""name"": ""Chekonidhara"", ""state_id"": ""4""}, {""id"": ""343"", ""name"": ""Choto Haibor"", ""state_id"": ""4""}, {""id"": ""344"", ""name"": ""Dergaon"", ""state_id"": ""4""}, {""id"": ""345"", ""name"": ""Dharapur"", ""state_id"": ""4""}, {""id"": ""346"", ""name"": ""Dhekiajuli"", ""state_id"": ""4""}, {""id"": ""347"", ""name"": ""Dhemaji"", ""state_id"": ""4""}, {""id"": ""348"", ""name"": ""Dhing"", ""state_id"": ""4""}, {""id"": ""349"", ""name"": ""Dhubri"", ""state_id"": ""4""}, {""id"": ""350"", ""name"": ""Dhuburi"", ""state_id"": ""4""}, {""id"": ""351"", ""name"": ""Dibrugarh"", ""state_id"": ""4""}, {""id"": ""352"", ""name"": ""Digboi"", ""state_id"": ""4""}, {""id"": ""353"", ""name"": ""Digboi Oil Town"", ""state_id"": ""4""}, {""id"": ""354"", ""name"": ""Dimaruguri"", ""state_id"": ""4""}, {""id"": ""355"", ""name"": ""Diphu"", ""state_id"": ""4""}, {""id"": ""356"", ""name"": ""Dispur"", ""state_id"": ""4""}, {""id"": ""357"", ""name"": ""Doboka"", ""state_id"": ""4""}, {""id"": ""358"", ""name"": ""Dokmoka"", ""state_id"": ""4""}, {""id"": ""359"", ""name"": ""Donkamokan"", ""state_id"": ""4""}, {""id"": ""360"", ""name"": ""Duliagaon"", ""state_id"": ""4""}, {""id"": ""361"", ""name"": ""Duliajan"", ""state_id"": ""4""}, {""id"": ""362"", ""name"": ""Duliajan No.1"", ""state_id"": ""4""}, {""id"": ""363"", ""name"": ""Dum Duma"", ""state_id"": ""4""}, {""id"": ""364"", ""name"": ""Durga Nagar"", ""state_id"": ""4""}, {""id"": ""365"", ""name"": ""Gauripur"", ""state_id"": ""4""}, {""id"": ""366"", ""name"": ""Goalpara"", ""state_id"": ""4""}, {""id"": ""367"", ""name"": ""Gohpur"", ""state_id"": ""4""}, {""id"": ""368"", ""name"": ""Golaghat"", ""state_id"": ""4""}, {""id"": ""369"", ""name"": ""Golakganj"", ""state_id"": ""4""}, {""id"": ""370"", ""name"": ""Gossaigaon"", ""state_id"": ""4""}, {""id"": ""371"", ""name"": ""Guwahati"", ""state_id"": ""4""}, {""id"": ""372"", ""name"": ""Haflong"", ""state_id"": ""4""}, {""id"": ""373"", ""name"": ""Hailakandi"", ""state_id"": ""4""}, {""id"": ""374"", ""name"": ""Hamren"", ""state_id"": ""4""}, {""id"": ""375"", ""name"": ""Hauli"", ""state_id"": ""4""}, {""id"": ""376"", ""name"": ""Hauraghat"", ""state_id"": ""4""}, {""id"": ""377"", ""name"": ""Hojai"", ""state_id"": ""4""}, {""id"": ""378"", ""name"": ""Jagiroad"", ""state_id"": ""4""}, {""id"": ""379"", ""name"": ""Jagiroad Paper Mill"", ""state_id"": ""4""}, {""id"": ""380"", ""name"": ""Jogighopa"", ""state_id"": ""4""}, {""id"": ""381"", ""name"": ""Jonai Bazar"", ""state_id"": ""4""}, {""id"": ""382"", ""name"": ""Jorhat"", ""state_id"": ""4""}, {""id"": ""383"", ""name"": ""Kampur Town"", ""state_id"": ""4""}, {""id"": ""384"", ""name"": ""Kamrup"", ""state_id"": ""4""}, {""id"": ""385"", ""name"": ""Kanakpur"", ""state_id"": ""4""}, {""id"": ""386"", ""name"": ""Karimganj"", ""state_id"": ""4""}, {""id"": ""387"", ""name"": ""Kharijapikon"", ""state_id"": ""4""}, {""id"": ""388"", ""name"": ""Kharupetia"", ""state_id"": ""4""}, {""id"": ""389"", ""name"": ""Kochpara"", ""state_id"": ""4""}, {""id"": ""390"", ""name"": ""Kokrajhar"", ""state_id"": ""4""}, {""id"": ""391"", ""name"": ""Kumar Kaibarta Gaon"", ""state_id"": ""4""}, {""id"": ""392"", ""name"": ""Lakhimpur"", ""state_id"": ""4""}, {""id"": ""393"", ""name"": ""Lakhipur"", ""state_id"": ""4""}, {""id"": ""394"", ""name"": ""Lala"", ""state_id"": ""4""}, {""id"": ""395"", ""name"": ""Lanka"", ""state_id"": ""4""}, {""id"": ""396"", ""name"": ""Lido Tikok"", ""state_id"": ""4""}, {""id"": ""397"", ""name"": ""Lido Town"", ""state_id"": ""4""}, {""id"": ""398"", ""name"": ""Lumding"", ""state_id"": ""4""}, {""id"": ""399"", ""name"": ""Lumding Railway Colony"", ""state_id"": ""4""}, {""id"": ""400"", ""name"": ""Mahur"", ""state_id"": ""4""}, {""id"": ""401"", ""name"": ""Maibong"", ""state_id"": ""4""}, {""id"": ""402"", ""name"": ""Majgaon"", ""state_id"": ""4""}, {""id"": ""403"", ""name"": ""Makum"", ""state_id"": ""4""}, {""id"": ""404"", ""name"": ""Mangaldai"", ""state_id"": ""4""}, {""id"": ""405"", ""name"": ""Mankachar"", ""state_id"": ""4""}, {""id"": ""406"", ""name"": ""Margherita"", ""state_id"": ""4""}, {""id"": ""407"", ""name"": ""Mariani"", ""state_id"": ""4""}, {""id"": ""408"", ""name"": ""Marigaon"", ""state_id"": ""4""}, {""id"": ""409"", ""name"": ""Moran"", ""state_id"": ""4""}, {""id"": ""410"", ""name"": ""Moranhat"", ""state_id"": ""4""}, {""id"": ""411"", ""name"": ""Nagaon"", ""state_id"": ""4""}, {""id"": ""412"", ""name"": ""Naharkatia"", ""state_id"": ""4""}, {""id"": ""413"", ""name"": ""Nalbari"", ""state_id"": ""4""}, {""id"": ""414"", ""name"": ""Namrup"", ""state_id"": ""4""}, {""id"": ""415"", ""name"": ""Naubaisa Gaon"", ""state_id"": ""4""}, {""id"": ""416"", ""name"": ""Nazira"", ""state_id"": ""4""}, {""id"": ""417"", ""name"": ""New Bongaigaon Railway Colony"", ""state_id"": ""4""}, {""id"": ""418"", ""name"": ""Niz-Hajo"", ""state_id"": ""4""}, {""id"": ""419"", ""name"": ""North Guwahati"", ""state_id"": ""4""}, {""id"": ""420"", ""name"": ""Numaligarh"", ""state_id"": ""4""}, {""id"": ""421"", ""name"": ""Palasbari"", ""state_id"": ""4""}, {""id"": ""422"", ""name"": ""Panchgram"", ""state_id"": ""4""}, {""id"": ""423"", ""name"": ""Pathsala"", ""state_id"": ""4""}, {""id"": ""424"", ""name"": ""Raha"", ""state_id"": ""4""}, {""id"": ""425"", ""name"": ""Rangapara"", ""state_id"": ""4""}, {""id"": ""426"", ""name"": ""Rangia"", ""state_id"": ""4""}, {""id"": ""427"", ""name"": ""Salakati"", ""state_id"": ""4""}, {""id"": ""428"", ""name"": ""Sapatgram"", ""state_id"": ""4""}, {""id"": ""429"", ""name"": ""Sarthebari"", ""state_id"": ""4""}, {""id"": ""430"", ""name"": ""Sarupathar"", ""state_id"": ""4""}, {""id"": ""431"", ""name"": ""Sarupathar Bengali"", ""state_id"": ""4""}, {""id"": ""432"", ""name"": ""Senchoagaon"", ""state_id"": ""4""}, {""id"": ""433"", ""name"": ""Sibsagar"", ""state_id"": ""4""}, {""id"": ""434"", ""name"": ""Silapathar"", ""state_id"": ""4""}, {""id"": ""435"", ""name"": ""Silchar"", ""state_id"": ""4""}, {""id"": ""436"", ""name"": ""Silchar Part-X"", ""state_id"": ""4""}, {""id"": ""437"", ""name"": ""Sonari"", ""state_id"": ""4""}, {""id"": ""438"", ""name"": ""Sorbhog"", ""state_id"": ""4""}, {""id"": ""439"", ""name"": ""Sualkuchi"", ""state_id"": ""4""}, {""id"": ""440"", ""name"": ""Tangla"", ""state_id"": ""4""}, {""id"": ""441"", ""name"": ""Tezpur"", ""state_id"": ""4""}, {""id"": ""442"", ""name"": ""Tihu"", ""state_id"": ""4""}, {""id"": ""443"", ""name"": ""Tinsukia"", ""state_id"": ""4""}, {""id"": ""444"", ""name"": ""Titabor"", ""state_id"": ""4""}, {""id"": ""445"", ""name"": ""Udalguri"", ""state_id"": ""4""}, {""id"": ""446"", ""name"": ""Umrangso"", ""state_id"": ""4""}, {""id"": ""447"", ""name"": ""Uttar Krishnapur Part-I"", ""state_id"": ""4""}, {""id"": ""448"", ""name"": ""Amarpur"", ""state_id"": ""5""}, {""id"": ""449"", ""name"": ""Ara"", ""state_id"": ""5""}, {""id"": ""450"", ""name"": ""Araria"", ""state_id"": ""5""}, {""id"": ""451"", ""name"": ""Areraj"", ""state_id"": ""5""}, {""id"": ""452"", ""name"": ""Asarganj"", ""state_id"": ""5""}, {""id"": ""453"", ""name"": ""Aurangabad"", ""state_id"": ""5""}, {""id"": ""454"", ""name"": ""Bagaha"", ""state_id"": ""5""}, {""id"": ""455"", ""name"": ""Bahadurganj"", ""state_id"": ""5""}, {""id"": ""456"", ""name"": ""Bairgania"", ""state_id"": ""5""}, {""id"": ""457"", ""name"": ""Bakhtiyarpur"", ""state_id"": ""5""}, {""id"": ""458"", ""name"": ""Banka"", ""state_id"": ""5""}, {""id"": ""459"", ""name"": ""Banmankhi"", ""state_id"": ""5""}, {""id"": ""460"", ""name"": ""Bar Bigha"", ""state_id"": ""5""}, {""id"": ""461"", ""name"": ""Barauli"", ""state_id"": ""5""}, {""id"": ""462"", ""name"": ""Barauni Oil Township"", ""state_id"": ""5""}, {""id"": ""463"", ""name"": ""Barh"", ""state_id"": ""5""}, {""id"": ""464"", ""name"": ""Barhiya"", ""state_id"": ""5""}, {""id"": ""465"", ""name"": ""Bariapur"", ""state_id"": ""5""}, {""id"": ""466"", ""name"": ""Baruni"", ""state_id"": ""5""}, {""id"": ""467"", ""name"": ""Begusarai"", ""state_id"": ""5""}, {""id"": ""468"", ""name"": ""Behea"", ""state_id"": ""5""}, {""id"": ""469"", ""name"": ""Belsand"", ""state_id"": ""5""}, {""id"": ""470"", ""name"": ""Bettiah"", ""state_id"": ""5""}, {""id"": ""471"", ""name"": ""Bhabua"", ""state_id"": ""5""}, {""id"": ""472"", ""name"": ""Bhagalpur"", ""state_id"": ""5""}, {""id"": ""473"", ""name"": ""Bhimnagar"", ""state_id"": ""5""}, {""id"": ""474"", ""name"": ""Bhojpur"", ""state_id"": ""5""}, {""id"": ""475"", ""name"": ""Bihar"", ""state_id"": ""5""}, {""id"": ""476"", ""name"": ""Bihar Sharif"", ""state_id"": ""5""}, {""id"": ""477"", ""name"": ""Bihariganj"", ""state_id"": ""5""}, {""id"": ""478"", ""name"": ""Bikramganj"", ""state_id"": ""5""}, {""id"": ""479"", ""name"": ""Birpur"", ""state_id"": ""5""}, {""id"": ""480"", ""name"": ""Bodh Gaya"", ""state_id"": ""5""}, {""id"": ""481"", ""name"": ""Buxar"", ""state_id"": ""5""}, {""id"": ""482"", ""name"": ""Chakia"", ""state_id"": ""5""}, {""id"": ""483"", ""name"": ""Chanpatia"", ""state_id"": ""5""}, {""id"": ""484"", ""name"": ""Chhapra"", ""state_id"": ""5""}, {""id"": ""485"", ""name"": ""Chhatapur"", ""state_id"": ""5""}, {""id"": ""486"", ""name"": ""Colgong"", ""state_id"": ""5""}, {""id"": ""487"", ""name"": ""Dalsingh Sarai"", ""state_id"": ""5""}, {""id"": ""488"", ""name"": ""Darbhanga"", ""state_id"": ""5""}, {""id"": ""489"", ""name"": ""Daudnagar"", ""state_id"": ""5""}, {""id"": ""490"", ""name"": ""Dehri"", ""state_id"": ""5""}, {""id"": ""491"", ""name"": ""Dhaka"", ""state_id"": ""5""}, {""id"": ""492"", ""name"": ""Dighwara"", ""state_id"": ""5""}, {""id"": ""493"", ""name"": ""Dinapur"", ""state_id"": ""5""}, {""id"": ""494"", ""name"": ""Dinapur Cantonment"", ""state_id"": ""5""}, {""id"": ""495"", ""name"": ""Dumra"", ""state_id"": ""5""}, {""id"": ""496"", ""name"": ""Dumraon"", ""state_id"": ""5""}, {""id"": ""497"", ""name"": ""Fatwa"", ""state_id"": ""5""}, {""id"": ""498"", ""name"": ""Forbesganj"", ""state_id"": ""5""}, {""id"": ""499"", ""name"": ""Gaya"", ""state_id"": ""5""}, {""id"": ""500"", ""name"": ""Gazipur"", ""state_id"": ""5""}, {""id"": ""501"", ""name"": ""Ghoghardiha"", ""state_id"": ""5""}, {""id"": ""502"", ""name"": ""Gogri Jamalpur"", ""state_id"": ""5""}, {""id"": ""503"", ""name"": ""Gopalganj"", ""state_id"": ""5""}, {""id"": ""504"", ""name"": ""Habibpur"", ""state_id"": ""5""}, {""id"": ""505"", ""name"": ""Hajipur"", ""state_id"": ""5""}, {""id"": ""506"", ""name"": ""Hasanpur"", ""state_id"": ""5""}, {""id"": ""507"", ""name"": ""Hazaribagh"", ""state_id"": ""5""}, {""id"": ""508"", ""name"": ""Hilsa"", ""state_id"": ""5""}, {""id"": ""509"", ""name"": ""Hisua"", ""state_id"": ""5""}, {""id"": ""510"", ""name"": ""Islampur"", ""state_id"": ""5""}, {""id"": ""511"", ""name"": ""Jagdispur"", ""state_id"": ""5""}, {""id"": ""512"", ""name"": ""Jahanabad"", ""state_id"": ""5""}, {""id"": ""513"", ""name"": ""Jamalpur"", ""state_id"": ""5""}, {""id"": ""514"", ""name"": ""Jamhaur"", ""state_id"": ""5""}, {""id"": ""515"", ""name"": ""Jamui"", ""state_id"": ""5""}, {""id"": ""516"", ""name"": ""Janakpur Road"", ""state_id"": ""5""}, {""id"": ""517"", ""name"": ""Janpur"", ""state_id"": ""5""}, {""id"": ""518"", ""name"": ""Jaynagar"", ""state_id"": ""5""}, {""id"": ""519"", ""name"": ""Jha Jha"", ""state_id"": ""5""}, {""id"": ""520"", ""name"": ""Jhanjharpur"", ""state_id"": ""5""}, {""id"": ""521"", ""name"": ""Jogbani"", ""state_id"": ""5""}, {""id"": ""522"", ""name"": ""Kanti"", ""state_id"": ""5""}, {""id"": ""523"", ""name"": ""Kasba"", ""state_id"": ""5""}, {""id"": ""524"", ""name"": ""Kataiya"", ""state_id"": ""5""}, {""id"": ""525"", ""name"": ""Katihar"", ""state_id"": ""5""}, {""id"": ""526"", ""name"": ""Khagaria"", ""state_id"": ""5""}, {""id"": ""527"", ""name"": ""Khagaul"", ""state_id"": ""5""}, {""id"": ""528"", ""name"": ""Kharagpur"", ""state_id"": ""5""}, {""id"": ""529"", ""name"": ""Khusrupur"", ""state_id"": ""5""}, {""id"": ""530"", ""name"": ""Kishanganj"", ""state_id"": ""5""}, {""id"": ""531"", ""name"": ""Koath"", ""state_id"": ""5""}, {""id"": ""532"", ""name"": ""Koilwar"", ""state_id"": ""5""}, {""id"": ""533"", ""name"": ""Lakhisarai"", ""state_id"": ""5""}, {""id"": ""534"", ""name"": ""Lalganj"", ""state_id"": ""5""}, {""id"": ""535"", ""name"": ""Lauthaha"", ""state_id"": ""5""}, {""id"": ""536"", ""name"": ""Madhepura"", ""state_id"": ""5""}, {""id"": ""537"", ""name"": ""Madhubani"", ""state_id"": ""5""}, {""id"": ""538"", ""name"": ""Maharajganj"", ""state_id"": ""5""}, {""id"": ""539"", ""name"": ""Mahnar Bazar"", ""state_id"": ""5""}, {""id"": ""540"", ""name"": ""Mairwa"", ""state_id"": ""5""}, {""id"": ""541"", ""name"": ""Makhdumpur"", ""state_id"": ""5""}, {""id"": ""542"", ""name"": ""Maner"", ""state_id"": ""5""}, {""id"": ""543"", ""name"": ""Manihari"", ""state_id"": ""5""}, {""id"": ""544"", ""name"": ""Marhaura"", ""state_id"": ""5""}, {""id"": ""545"", ""name"": ""Masaurhi"", ""state_id"": ""5""}, {""id"": ""546"", ""name"": ""Mirganj"", ""state_id"": ""5""}, {""id"": ""547"", ""name"": ""Mohiuddinagar"", ""state_id"": ""5""}, {""id"": ""548"", ""name"": ""Mokama"", ""state_id"": ""5""}, {""id"": ""549"", ""name"": ""Motihari"", ""state_id"": ""5""}, {""id"": ""550"", ""name"": ""Motipur"", ""state_id"": ""5""}, {""id"": ""551"", ""name"": ""Munger"", ""state_id"": ""5""}, {""id"": ""552"", ""name"": ""Murliganj"", ""state_id"": ""5""}, {""id"": ""553"", ""name"": ""Muzaffarpur"", ""state_id"": ""5""}, {""id"": ""554"", ""name"": ""Nabinagar"", ""state_id"": ""5""}, {""id"": ""555"", ""name"": ""Narkatiaganj"", ""state_id"": ""5""}, {""id"": ""556"", ""name"": ""Nasriganj"", ""state_id"": ""5""}, {""id"": ""557"", ""name"": ""Natwar"", ""state_id"": ""5""}, {""id"": ""558"", ""name"": ""Naugachhia"", ""state_id"": ""5""}, {""id"": ""559"", ""name"": ""Nawada"", ""state_id"": ""5""}, {""id"": ""560"", ""name"": ""Nirmali"", ""state_id"": ""5""}, {""id"": ""561"", ""name"": ""Nokha"", ""state_id"": ""5""}, {""id"": ""562"", ""name"": ""Paharpur"", ""state_id"": ""5""}, {""id"": ""563"", ""name"": ""Patna"", ""state_id"": ""5""}, {""id"": ""564"", ""name"": ""Phulwari"", ""state_id"": ""5""}, {""id"": ""565"", ""name"": ""Piro"", ""state_id"": ""5""}, {""id"": ""566"", ""name"": ""Purnia"", ""state_id"": ""5""}, {""id"": ""567"", ""name"": ""Pusa"", ""state_id"": ""5""}, {""id"": ""568"", ""name"": ""Rafiganj"", ""state_id"": ""5""}, {""id"": ""569"", ""name"": ""Raghunathpur"", ""state_id"": ""5""}, {""id"": ""570"", ""name"": ""Rajgir"", ""state_id"": ""5""}, {""id"": ""571"", ""name"": ""Ramnagar"", ""state_id"": ""5""}, {""id"": ""572"", ""name"": ""Raxaul"", ""state_id"": ""5""}, {""id"": ""573"", ""name"": ""Revelganj"", ""state_id"": ""5""}, {""id"": ""574"", ""name"": ""Rusera"", ""state_id"": ""5""}, {""id"": ""575"", ""name"": ""Sagauli"", ""state_id"": ""5""}, {""id"": ""576"", ""name"": ""Saharsa"", ""state_id"": ""5""}, {""id"": ""577"", ""name"": ""Samastipur"", ""state_id"": ""5""}, {""id"": ""578"", ""name"": ""Sasaram"", ""state_id"": ""5""}, {""id"": ""579"", ""name"": ""Shahpur"", ""state_id"": ""5""}, {""id"": ""580"", ""name"": ""Shaikhpura"", ""state_id"": ""5""}, {""id"": ""581"", ""name"": ""Sherghati"", ""state_id"": ""5""}, {""id"": ""582"", ""name"": ""Shivhar"", ""state_id"": ""5""}, {""id"": ""583"", ""name"": ""Silao"", ""state_id"": ""5""}, {""id"": ""584"", ""name"": ""Sitamarhi"", ""state_id"": ""5""}, {""id"": ""585"", ""name"": ""Siwan"", ""state_id"": ""5""}, {""id"": ""586"", ""name"": ""Sonepur"", ""state_id"": ""5""}, {""id"": ""587"", ""name"": ""Sultanganj"", ""state_id"": ""5""}, {""id"": ""588"", ""name"": ""Supaul"", ""state_id"": ""5""}, {""id"": ""589"", ""name"": ""Teghra"", ""state_id"": ""5""}, {""id"": ""590"", ""name"": ""Tekari"", ""state_id"": ""5""}, {""id"": ""591"", ""name"": ""Thakurganj"", ""state_id"": ""5""}, {""id"": ""592"", ""name"": ""Vaishali"", ""state_id"": ""5""}, {""id"": ""593"", ""name"": ""Waris Aliganj"", ""state_id"": ""5""}, {""id"": ""594"", ""name"": ""Chandigarh"", ""state_id"": ""6""}, {""id"": ""595"", ""name"": ""Ahiwara"", ""state_id"": ""7""}, {""id"": ""596"", ""name"": ""Akaltara"", ""state_id"": ""7""}, {""id"": ""597"", ""name"": ""Ambagarh Chauki"", ""state_id"": ""7""}, {""id"": ""598"", ""name"": ""Ambikapur"", ""state_id"": ""7""}, {""id"": ""599"", ""name"": ""Arang"", ""state_id"": ""7""}, {""id"": ""600"", ""name"": ""Bade Bacheli"", ""state_id"": ""7""}, {""id"": ""601"", ""name"": ""Bagbahara"", ""state_id"": ""7""}, {""id"": ""602"", ""name"": ""Baikunthpur"", ""state_id"": ""7""}, {""id"": ""603"", ""name"": ""Balod"", ""state_id"": ""7""}, {""id"": ""604"", ""name"": ""Baloda"", ""state_id"": ""7""}, {""id"": ""605"", ""name"": ""Baloda Bazar"", ""state_id"": ""7""}, {""id"": ""606"", ""name"": ""Banarsi"", ""state_id"": ""7""}, {""id"": ""607"", ""name"": ""Basna"", ""state_id"": ""7""}, {""id"": ""608"", ""name"": ""Bemetra"", ""state_id"": ""7""}, {""id"": ""609"", ""name"": ""Bhanpuri"", ""state_id"": ""7""}, {""id"": ""610"", ""name"": ""Bhatapara"", ""state_id"": ""7""}, {""id"": ""611"", ""name"": ""Bhatgaon"", ""state_id"": ""7""}, {""id"": ""612"", ""name"": ""Bhilai"", ""state_id"": ""7""}, {""id"": ""613"", ""name"": ""Bilaspur"", ""state_id"": ""7""}, {""id"": ""614"", ""name"": ""Bilha"", ""state_id"": ""7""}, {""id"": ""615"", ""name"": ""Birgaon"", ""state_id"": ""7""}, {""id"": ""616"", ""name"": ""Bodri"", ""state_id"": ""7""}, {""id"": ""617"", ""name"": ""Champa"", ""state_id"": ""7""}, {""id"": ""618"", ""name"": ""Charcha"", ""state_id"": ""7""}, {""id"": ""619"", ""name"": ""Charoda"", ""state_id"": ""7""}, {""id"": ""620"", ""name"": ""Chhuikhadan"", """
